{"Name":"XFEL.RF.A12.L3.M2.C4","tau_m":[0.00026194477773445676,0.00026498223053173371,8.61186665230995E-5,0.00024446945839726311],"K_m":[-76.054222992931074,56.7826273571382,-1.5670759306115565,20.332845114733978],"X0":[1.0270859486888437E+7,-8.82515351796992E+6,2115.7179793194859,-1.4505162009799434E+6],"fit":96.586885144392838,"sysfit":[0.085016244075856284,0.99832300073961533],"cal_coeff_real":[0.97804710426123409,0.0062442893080379017,0.0022850853232570497,0.97637308494846531],"cal_coeff_imag":[0.035948097391246471,-0.020406302282969267,-3.7411383436449405E-5,0.039529994182040944],"QL_nom":4.5388744351136638E+6,"Sigma_nom":[[2.2996234667829193E-5,3.9832658502872643E-7],[3.9832658502872643E-7,1.80461688251865E-5]],"r_mean_nom":[0.0025196813984892674,7.5527714036118857E-5],"MeasNoiseVar":[[0.0001,0],[0,0.0001]],"ProcessVar":[[0.0001,0,0,0,0,0],[0,0.0001,0,0,0,0],[0,0,0.0001,0,0,0],[0,0,0,0.0001,0,0],[0,0,0,0,0.0001,0],[0,0,0,0,0,0.0001]]}