{"Name":"XFEL.RF.A17.L3.M4.C5","tau_m":[0.00016819215686051414,0.00014257809511926585,3.0735116335453515E-5,9.6453356779424939E-5],"K_m":[-70.992926637655216,108.87746730354641,7.0761694522169325,-45.327114673058212],"X0":[-30836.323398977191,21714.862756194252,-3265.8698474036655,8296.8667341797172],"fit":75.1801792337259,"sysfit":[0.92807812520267574,-1.4894848353571346],"cal_coeff_real":[0.59310975001017752,0.0062762627666200083,0.0078995119773676535,0.62264807505922237],"cal_coeff_imag":[0.74659213848603978,0.0038993038940406022,0.010487694144318608,0.755201289600756],"QL_nom":4.5419479777736887E+6,"Sigma_nom":[[3.1736452152475674E-5,-4.9136683601323116E-5],[-4.9136683601323116E-5,0.00031074518142663919]],"r_mean_nom":[-0.00062178652085754507,-0.0087067954634161542],"MeasNoiseVar":[[0.0001,0],[0,0.0001]],"ProcessVar":[[0.0001,0,0,0,0,0],[0,0.0001,0,0,0,0],[0,0,0.0001,0,0,0],[0,0,0,0.0001,0,0],[0,0,0,0,0.0001,0],[0,0,0,0,0,0.0001]]}