{"Name":"XFEL.RF.A17.L3.M1.C8","tau_m":[0.00033495648334203737,0.00028559108391796077,0.00022261853046612236,0.00020002836578507008],"K_m":[111.12433663171835,-261.8932458315798,358.1222068116864,-206.9082813190287],"X0":[-159366.57778363122,267976.27700708993,-182965.77224923696,70980.049621438317],"fit":88.544220203169132,"sysfit":[0.94528368050882139,0.95939285481112269]}