{"Name":"XFEL.RF.A12.L3.M1.C8","tau_m":[0.00020515946758652655,0.000160242404154572,0.00026378252054389087,0.00022223741863885404],"K_m":[8.8687947491722863,-6.4054678727844658,-0.70366115215215319,-2.3401766635080348],"X0":[-2.6573536873890907E+6,275242.14726688486,-759697.54923578072,3.1387471857355107E+6],"fit":95.696852999092542,"sysfit":[0.62453133359933943,0.98640902754742044],"cal_coeff_real":[0.95656329721964961,0.016358442908075674,0.0014215731278448324,0.944043981107089],"cal_coeff_imag":[0.043215438959887879,-0.014169667353729183,7.65285265402971E-5,0.030014674401936805],"QL_nom":4.4388280650008842E+6,"Sigma_nom":[[4.868556481176888E-5,2.4184064722778004E-7],[2.4184064722778004E-7,2.5506550544385802E-5]],"r_mean_nom":[0.0039869819929100377,-0.00078777683456717417],"MeasNoiseVar":[[0.0001,0],[0,0.0001]],"ProcessVar":[[0.0001,0,0,0,0,0],[0,0.0001,0,0,0,0],[0,0,0.0001,0,0,0],[0,0,0,0.0001,0,0],[0,0,0,0,0.0001,0],[0,0,0,0,0,0.0001]]}