{"Name":"XFEL.RF.A17.L3.M1.C2","tau_m":[0.00036435072639431215,0.00031928908359123072,0.00015965383809936069,0.00017220672339790077],"K_m":[32.796315822926559,-49.483766641534984,-87.443111724243636,103.6609022357799],"X0":[-66309.182580504945,75854.680048227645,25085.362428125583,-36655.736276437936],"fit":86.392552525286064,"sysfit":[0.9995663468937116,0.468578786967187],"cal_coeff_real":[-0.25166282347464641,0.015915884525977208,-0.0031560463579556634,-0.28887534047807112],"cal_coeff_imag":[0.95459453973825481,0.016253135181691185,0.012336555308642009,0.94124124302655876],"QL_nom":4.7537611972206235E+6,"Sigma_nom":[[1.4268305997020833E-5,-9.3802165509828647E-7],[-9.3802165509828647E-7,1.7900180304154404E-5]],"r_mean_nom":[8.5844803231180811E-6,0.0022065443201366129],"MeasNoiseVar":[[0.0001,0],[0,0.0001]],"ProcessVar":[[0.0001,0,0,0,0,0],[0,0.0001,0,0,0,0],[0,0,0.0001,0,0,0],[0,0,0,0.0001,0,0],[0,0,0,0,0.0001,0],[0,0,0,0,0,0.0001]]}