{"Name":"XFEL.RF.A17.L3.M2.C3","tau_m":[0.00026434443288190812,0.00026628672851135846,0.00018035471290413194,0.00018268090524097694],"K_m":[474.32340694673144,-464.70053793124976,-39.003689676093138,28.627891310511025],"X0":[6.6554483888033414E+6,-6.4469755301582552E+6,2.6610582051146277E+6,-2.8712574114567111E+6],"fit":89.2459918017043,"sysfit":[0.99369542985270876,0.89232142250776669]}