{"Name":"XFEL.RF.A17.L3.M1.C4","tau_m":[0.00030919214758514361,0.00027191138957350112,0.00018172903104908504,0.00021774427246783572],"K_m":[181.78316001447683,-378.32616209772112,-120.50888713785301,316.79593749099797],"X0":[-291030.2321870717,487505.53256811982,77929.1751333179,-278014.93426892365],"fit":97.8563098928598,"sysfit":[0.9775880585955582,0.40638070347689492],"cal_coeff_real":[-0.28498825171317621,-0.0074898365267737615,-0.00037449268618151914,-0.24585366193926877],"cal_coeff_imag":[0.87717538470007372,0.023053231928233921,0.0011526623026745018,0.88998846968195933],"QL_nom":4.5560243662679913E+6,"Sigma_nom":[[2.4453312505974739E-5,1.2229545337510392E-6],[1.2229545337510392E-6,3.4482131900542571E-5]],"r_mean_nom":[0.0011353114548552608,0.0052296775661342951],"MeasNoiseVar":[[0.0001,0],[0,0.0001]],"ProcessVar":[[0.0001,0,0,0,0,0],[0,0.0001,0,0,0,0],[0,0,0.0001,0,0,0],[0,0,0,0.0001,0,0],[0,0,0,0,0.0001,0],[0,0,0,0,0,0.0001]]}