{"Name":"XFEL.RF.A17.L3.M1.C6","tau_m":[0.00033004215977887037,0.00029403961171206035,7.2956210877710948E-5,0.00019600204080676525],"K_m":[19.931971572307759,-30.187677967786524,-2.8869783020823272,12.592420119474806],"X0":[-101918.60159832014,121328.8260590944,1673.0014248534708,-23129.532768319204],"fit":84.255754545674023,"sysfit":[0.99937729324214264,-0.16949497488799969],"cal_coeff_real":[-0.21684615811875349,-0.0015860909234706141,-0.00556340478871624,-0.20504960279360676],"cal_coeff_imag":[0.93316049693531622,-0.0037741967883869513,0.012616153440315388,0.96004648929280945],"QL_nom":4.6635965634206068E+6,"Sigma_nom":[[1.5242903096562309E-5,9.2685155445262443E-7],[9.2685155445262443E-7,1.4448396567762549E-5]],"r_mean_nom":[-0.00010304704856967231,0.0020207730783278186],"MeasNoiseVar":[[0.0001,0],[0,0.0001]],"ProcessVar":[[0.0001,0,0,0,0,0],[0,0.0001,0,0,0,0],[0,0,0.0001,0,0,0],[0,0,0,0.0001,0,0],[0,0,0,0,0.0001,0],[0,0,0,0,0,0.0001]]}