{"Name":"XFEL.RF.A12.L3.M1.C4","tau_m":[0.00041997736099158757,0.00039872723669799246,0.00011697190978658196,0.00011971935075317163],"K_m":[28.967270122922177,-31.62927245603214,-93.342357821313684,95.4771276238043],"X0":[-142215.04130128762,144197.89142804602,90483.383364351015,-94343.622768110174],"fit":97.498237719591415,"sysfit":[0.64335904444531189,0.989669958237344],"cal_coeff_real":[0.9696405339606623,0.020184026386623505,0.00080736168041341239,0.949992668805821],"cal_coeff_imag":[0.034506933906960115,0.00071829594305225324,2.8731932090335406E-5,0.013129873292714228],"QL_nom":4.5130327126760092E+6,"Sigma_nom":[[3.0595329549075109E-5,2.0259494148065493E-6],[2.0259494148065493E-6,2.4056317062795061E-5]],"r_mean_nom":[0.0027404056705301076,-0.00054757575782323766],"MeasNoiseVar":[[0.0001,0],[0,0.0001]],"ProcessVar":[[0.0001,0,0,0,0,0],[0,0.0001,0,0,0,0],[0,0,0.0001,0,0,0],[0,0,0,0.0001,0,0],[0,0,0,0,0.0001,0],[0,0,0,0,0,0.0001]]}