{"Name":"XFEL.RF.A17.L3.M3.C3","tau_m":[0.043793889259908729,0.047063275230129209,1.3460350247023582E-5,0.046651321504445654],"K_m":[-27.621105664033447,-15.312943330688622,-0.573601009176755,-9.9597483031661511],"X0":[-2.267700493929747E+8,-1.694511833184953E+9,487.68465182214595,1.9212791826821866E+9],"fit":94.005946025966125,"sysfit":[0.99661070328871393,0.98830112652197977],"cal_coeff_real":[0.46939056489398906,0.00043823420115154856,0.0013677245897831161,0.47150805659835521],"cal_coeff_imag":[0.85841361513929793,-0.010477175800596398,0.0028463301685406578,0.86590123245896045],"QL_nom":4.62968163644069E+6,"Sigma_nom":[[2.5396626691565154E-5,-2.8728906728861918E-6],[-2.8728906728861918E-6,1.9753000452749084E-5]],"r_mean_nom":[-0.00098300070947848067,-0.00017102389621301864],"MeasNoiseVar":[[0.0001,0],[0,0.0001]],"ProcessVar":[[0.0001,0,0,0,0,0],[0,0.0001,0,0,0,0],[0,0,0.0001,0,0,0],[0,0,0,0.0001,0,0],[0,0,0,0,0.0001,0],[0,0,0,0,0,0.0001]]}