{"Name":"XFEL.RF.A17.L3.M1.C7","tau_m":[0.00023523181801099894,0.00022848218888338974,6.7099307226944015E-5,0.00023090754429773891],"K_m":[-40.721419006396218,37.248984834393418,-2.0830480180728994,5.1547565521239642],"X0":[-2.1829859397063952E+7,-3.8107193331590168E+7,3773.9706558346488,5.9930216723366849E+7],"fit":89.207235515714828,"sysfit":[0.99559848896670988,-0.15184302807461925],"cal_coeff_real":[-0.285828825505963,-0.00038424934908276869,-0.0056955891105128506,-0.27636841611203306],"cal_coeff_imag":[0.88170398675404771,-0.00374210389948998,0.011764193633135063,0.90412359033629353],"QL_nom":4.4137919599869167E+6,"Sigma_nom":[[2.2889601967705911E-5,5.7613370053867572E-7],[5.7613370053867572E-7,4.7857389966289762E-5]],"r_mean_nom":[-0.00049424057027351055,0.0058524437030527381],"MeasNoiseVar":[[0.0001,0],[0,0.0001]],"ProcessVar":[[0.0001,0,0,0,0,0],[0,0.0001,0,0,0,0],[0,0,0.0001,0,0,0],[0,0,0,0.0001,0,0],[0,0,0,0,0.0001,0],[0,0,0,0,0,0.0001]]}