{"Name":"XFEL.RF.A17.L3.M4.C4","tau_m":[0.00018719667592348449,0.00018047349299754766,0.00016143082607567762,0.00025852304962307163],"K_m":[-45.923030580692938,94.2516912703257,-43.038169513194568,-5.5936402426217944],"X0":[5.669977930726205E+6,-6.5821431355833756E+6,1.1500766012676696E+6,-240792.35767440262],"fit":94.2847652378687,"sysfit":[0.93253758352173532,0.90151668427345644],"cal_coeff_real":[0.47497061855845657,0.00016638593774807777,0.0010987445350913211,0.47725797133545667],"cal_coeff_imag":[0.8548766203782151,-0.0084334627180664389,0.00250183155648422,0.86572166015864338],"QL_nom":4.6067413446821291E+6,"Sigma_nom":[[2.7394610168966597E-5,-5.7471329829007204E-6],[-5.7471329829007204E-6,2.4788380461835014E-5]],"r_mean_nom":[0.0022947696040985853,-0.002413492756501242],"MeasNoiseVar":[[0.0001,0],[0,0.0001]],"ProcessVar":[[0.0001,0,0,0,0,0],[0,0.0001,0,0,0,0],[0,0,0.0001,0,0,0],[0,0,0,0.0001,0,0],[0,0,0,0,0.0001,0],[0,0,0,0,0,0.0001]]}