{"Name":"XFEL.RF.A17.L3.M2.C7","tau_m":[0.00036166161978238269,0.00035617296239937978,4.4498011150615722E-5,0.00034161119173141852],"K_m":[49.024881349026259,-70.53006245507018,-1.0486692128997521,21.664445117115392],"X0":[-1.1700197082765432E+7,1.5864902726534924E+7,715.45927450398426,-4.16866338292741E+6],"fit":90.490344228125636,"sysfit":[0.99183316444556091,0.98550122468844414],"cal_coeff_real":[-0.23367411660717124,0.015379340469263605,-0.0038795667173691082,-0.25349725479844309],"cal_coeff_imag":[0.801900885669561,0.00246243746880155,0.013165671328431213,0.88159868835158994],"QL_nom":4.5443166239526458E+6,"Sigma_nom":[[2.1389018113982727E-5,-4.3051576023321428E-6],[-4.3051576023321428E-6,3.5461251525155628E-5]],"r_mean_nom":[-0.0022081256150716551,0.0035858585466995714],"MeasNoiseVar":[[0.0001,0],[0,0.0001]],"ProcessVar":[[0.0001,0,0,0,0,0],[0,0.0001,0,0,0,0],[0,0,0.0001,0,0,0],[0,0,0,0.0001,0,0],[0,0,0,0,0.0001,0],[0,0,0,0,0,0.0001]]}