{"Name":"XFEL.RF.A17.L3.M2.C7","tau_m":[0.00017527872503516923,0.00017373507289231624,0.00010834992561993171,0.0010413621508561519],"K_m":[-655.56061437367237,666.00786289338453,-12.097284641672701,1.5514451932812658],"X0":[608434.36701967509,-611971.05617675022,6402.3600294112166,-6238.6990679226146],"fit":94.265686372961255,"sysfit":[0.95833111390987957,0.95179082746746257],"cal_coeff_real":[0.9806207866158515,-0.00029003379340649874,0.0033397139109919453,0.98451163533575214],"cal_coeff_imag":[0.025594694933357892,-0.025995990155249456,0.00017482665076266486,0.042474829010723615],"QL_nom":4.5764995250967816E+6,"Sigma_nom":[[2.6300161521601364E-5,-1.9944732229487178E-6],[-1.9944732229487178E-6,2.0536990227232224E-5]],"r_mean_nom":[0.0014543464434033592,-0.0011928268123926659],"MeasNoiseVar":[[0.0001,0],[0,0.0001]],"ProcessVar":[[0.0001,0,0,0,0,0],[0,0.0001,0,0,0,0],[0,0,0.0001,0,0,0],[0,0,0,0.0001,0,0],[0,0,0,0,0.0001,0],[0,0,0,0,0,0.0001]]}