{"Name":"XFEL.RF.A17.L3.M3.C5","tau_m":[1.2086280312014708E-5,0.0041408419012525632,0.0039799294819731039,0.0041440778273172611],"K_m":[-0.35254271778669477,28.962874828392042,-45.162306231991352,11.9086927632504],"X0":[-102.8054056651559,1.1878783968704863E+9,-2.2564597951977368E+7,-1.1653156006553617E+9],"fit":84.712017492189119,"sysfit":[0.99689756851914935,0.77259952765919915]}