{"Name":"XFEL.RF.A17.L3.M2.C3","tau_m":[0.0016712266250142071,0.0015048026073949908,2.4825019467379759E-5,0.0010933445577618649],"K_m":[537.33770896640885,-648.65349401540232,-0.77666835358277631,120.0713351713577],"X0":[-90660.719651918029,108448.96998255805,600.66977334771764,-19424.850736402012],"fit":78.3454307400276,"sysfit":[0.99882186663974382,0.89452975747978547],"cal_coeff_real":[-0.17749711327015136,-0.0076213747263485674,-0.004192710902108889,-0.18253367814627786],"cal_coeff_imag":[0.95407055663347573,-0.00029060965312848554,0.012474824038723025,0.96153941822326616],"QL_nom":4.7312552948978581E+6,"Sigma_nom":[[0.00014901787273258053,6.1231877438227284E-5],[6.1231877438227284E-5,3.7578258845011782E-5]],"r_mean_nom":[-0.00055062056529441526,-0.0003435199251578308],"MeasNoiseVar":[[0.0001,0],[0,0.0001]],"ProcessVar":[[0.0001,0,0,0,0,0],[0,0.0001,0,0,0,0],[0,0,0.0001,0,0,0],[0,0,0,0.0001,0,0],[0,0,0,0,0.0001,0],[0,0,0,0,0,0.0001]]}