{"Name":"XFEL.RF.A17.L3.M4.C1","tau_m":[0.000274160702695069,0.00030527502190355528,6.2450942278341955E-5,0.00030701911834709738],"K_m":[-2.5007154078335589,81.707524159207139,-1.070485900366134,-78.526206152289348],"X0":[-623978.19473120163,1.2820551376802621E+7,2154.0690670931017,-1.220041743366853E+7],"fit":92.015404042803638,"sysfit":[0.93970587005840445,0.95883627467861532],"cal_coeff_real":[0.47960367084501826,-0.00178798154975625,0.0012414190907850619,0.48741604584525133],"cal_coeff_imag":[0.859192704052876,-0.0039488681817122671,0.002234700803781537,0.85744731614919212],"QL_nom":4.6573677025830308E+6,"Sigma_nom":[[4.7605277866932035E-5,-7.99630994893229E-6],[-7.99630994893229E-6,2.1452497156303789E-5]],"r_mean_nom":[0.00094421067621226014,-0.0016317135193394045],"MeasNoiseVar":[[0.0001,0],[0,0.0001]],"ProcessVar":[[0.0001,0,0,0,0,0],[0,0.0001,0,0,0,0],[0,0,0.0001,0,0,0],[0,0,0,0.0001,0,0],[0,0,0,0,0.0001,0],[0,0,0,0,0,0.0001]]}