{"Name":"XFEL.RF.A17.L3.M4.C2","tau_m":[0.00041139986608085304,0.0003714884562773384,0.00010099710215976296,0.00026161243822572658],"K_m":[68.304822510421673,-93.926205345714678,-3.777899560812076,28.9955643238178],"X0":[-116051.68200876111,135624.3022709612,388.17787677479311,-22794.091332147033],"fit":96.234540055300158,"sysfit":[0.97318516991626769,-0.21409861838450484],"cal_coeff_real":[0.63003978039563668,0.0031818584914901711,3.1818600779330336E-5,0.62779733056739118],"cal_coeff_imag":[0.6889622295703145,0.0034794315986044991,3.4794364048590081E-5,0.68995541859722365],"QL_nom":4.7153590666043609E+6,"Sigma_nom":[[1.6949475878644677E-5,-7.3268768799741645E-7],[-7.3268768799741645E-7,2.318653230321461E-5]],"r_mean_nom":[6.9913226881579651E-5,0.0029942970123933293],"MeasNoiseVar":[[0.0001,0],[0,0.0001]],"ProcessVar":[[0.0001,0,0,0,0,0],[0,0.0001,0,0,0,0],[0,0,0.0001,0,0,0],[0,0,0,0.0001,0,0],[0,0,0,0,0.0001,0],[0,0,0,0,0,0.0001]]}