{"Name":"XFEL.RF.A17.L3.M3.C5","tau_m":[0.0002854666495964926,0.000296097995826467,1.9600225821351472E-5,6.3941829362340621E-5],"K_m":[-13.306063372521766,12.793675260965745,1.5056392944368848,-1.0191504196383387],"X0":[31032.303484638738,-33027.610903508932,-254.83409855905475,922.783950906871],"fit":76.9105515775103,"sysfit":[0.9964363268801365,0.9746357509164516],"cal_coeff_real":[0.65787869392587528,0.0033224520578944289,3.3224568372929673E-5,0.66226380043275679],"cal_coeff_imag":[0.69635831801382442,0.0035167837901587048,3.5167892613618481E-5,0.69487365692203573],"QL_nom":4.71023866984766E+6,"Sigma_nom":[[3.2510964849947373E-5,5.6795691340914625E-6],[5.6795691340914625E-6,2.2440439611719747E-5]],"r_mean_nom":[0.00021739848422957435,0.00026936359249243879],"MeasNoiseVar":[[0.0001,0],[0,0.0001]],"ProcessVar":[[0.0001,0,0,0,0,0],[0,0.0001,0,0,0,0],[0,0,0.0001,0,0,0],[0,0,0,0.0001,0,0],[0,0,0,0,0.0001,0],[0,0,0,0,0,0.0001]]}