{"Name":"XFEL.RF.A17.L3.M4.C8","tau_m":[0.0002981611372111736,0.00025605732604555109,0.00022172319369199927,0.00017976839085033527],"K_m":[189.18687575997549,-542.60768857162418,468.91877855517384,-115.49501221142421],"X0":[-389822.80368091579,928957.859851262,-666605.1079492931,123598.20597683478],"fit":93.579188258698935,"sysfit":[0.99595873695511372,-0.094822596441358042]}