{"Name":"XFEL.RF.A12.L3.M3.C1","tau_m":[0.00046936869033144729,0.00044749631897575323,0.00012759161319902132,0.00012287970262793159],"K_m":[26.610293869750443,-28.273189796543086,47.515250254671237,-46.23395634278895],"X0":[-113651.25445079397,113075.97419718052,-15049.97212326953,12825.464829342594],"fit":97.293982606214286,"sysfit":[0.58237823210632533,0.99631655633262872],"cal_coeff_real":[-0.51158325443149144,0.016136543508643877,-0.0043264121368184021,0.9590015106565104],"cal_coeff_imag":[0.81766906643519677,-0.03361887495411689,0.00688295445571571,0.046917504433464714],"QL_nom":4.5352174598136256E+6,"Sigma_nom":[[2.5929651857968925E-5,1.3726925331537095E-6],[1.3726925331537095E-6,2.2259769881608136E-5]],"r_mean_nom":[0.0027490128829043038,0.00021027171693645892],"MeasNoiseVar":[[0.0001,0],[0,0.0001]],"ProcessVar":[[0.0001,0,0,0,0,0],[0,0.0001,0,0,0,0],[0,0,0.0001,0,0,0],[0,0,0,0.0001,0,0],[0,0,0,0,0.0001,0],[0,0,0,0,0,0.0001]]}