{"Name":"XFEL.RF.A17.L3.M1.C2","tau_m":[0.000311386027896361,0.00030742833047264605,2.86555263831723E-5,0.00031393297719993133],"K_m":[-49.853277057010743,57.592860302454945,-0.87567662264676527,-7.4016567844652226],"X0":[4.132036786874567E+7,-1.5906953076987889E+7,1025.8556659806236,-2.5415138030157544E+7],"fit":90.511819154185247,"sysfit":[0.94665664012425077,0.97558374544244375],"cal_coeff_real":[0.98270650585924157,0.000527126042318144,0.010537180021182344,0.988944464105586],"cal_coeff_imag":[0.023954083832604334,0.0013988133368623976,0.0025117064896815243,0.02466584998977589],"QL_nom":4.7369568344629984E+6,"Sigma_nom":[[0.00018071955199703118,-2.3102133681068324E-5],[-2.3102133681068324E-5,1.7129249249205956E-5]],"r_mean_nom":[0.000724877377690558,-0.0014805206995872611],"MeasNoiseVar":[[0.0001,0],[0,0.0001]],"ProcessVar":[[0.0001,0,0,0,0,0],[0,0.0001,0,0,0,0],[0,0,0.0001,0,0,0],[0,0,0,0.0001,0,0],[0,0,0,0,0.0001,0],[0,0,0,0,0,0.0001]]}