{"Name":"XFEL.RF.A17.L3.M4.C8","tau_m":[0.00039585147214093688,0.00035603885095406609,0.00014517329958173476,0.00024475008461203706],"K_m":[142.10101609296416,-193.2925210183088,-13.440742464691246,64.965198477392079],"X0":[-137203.38843748058,159104.49419340381,1640.1119785934713,-27566.300946656167],"fit":97.260056925616581,"sysfit":[0.98620509232977371,-0.073361859624222925],"cal_coeff_real":[0.651376383665301,0.017118961279225305,0.00085594824418177412,0.65509848254225578],"cal_coeff_imag":[0.72429968484024032,0.019035473991239251,0.00095177546682513429,0.6947972818368997],"QL_nom":4.6230507920782855E+6,"Sigma_nom":[[2.1627487902637798E-5,1.4471998160291158E-6],[1.4471998160291158E-6,2.9792925824251992E-5]],"r_mean_nom":[0.0011069523026931843,0.0036909175332043476],"MeasNoiseVar":[[0.0001,0],[0,0.0001]],"ProcessVar":[[0.0001,0,0,0,0,0],[0,0.0001,0,0,0,0],[0,0,0.0001,0,0,0],[0,0,0,0.0001,0,0],[0,0,0,0,0.0001,0],[0,0,0,0,0,0.0001]]}