{"Name":"XFEL.RF.A12.L3.M1.C3","tau_m":[0.000521913598499608,0.00046226125492270062,4.1486344796052036E-5,0.00029951496941981582],"K_m":[7.8168954616066033,-11.576813903150128,-0.612962592420047,3.319469512636029],"X0":[-72552.828604086884,83273.078225985664,319.16043267780964,-12849.126004542903],"fit":96.571376252708916,"sysfit":[0.54356768901376917,0.99797534048756009],"cal_coeff_real":[0.98427211059345521,0.020488598744073102,0.00081954501783422962,0.96237214997513865],"cal_coeff_imag":[0.031406887243062336,0.00065376545443460762,2.6150830343959926E-5,0.016350805224091762],"QL_nom":4.7103444475579578E+6,"Sigma_nom":[[3.690100197472202E-5,-8.546886276978252E-6],[-8.546886276978252E-6,1.8551786533395657E-5]],"r_mean_nom":[0.0017597277971679486,-0.00048596657000502094],"MeasNoiseVar":[[0.0001,0],[0,0.0001]],"ProcessVar":[[0.0001,0,0,0,0,0],[0,0.0001,0,0,0,0],[0,0,0.0001,0,0,0],[0,0,0,0.0001,0,0],[0,0,0,0,0.0001,0],[0,0,0,0,0,0.0001]]}