{"Name":"XFEL.RF.A17.L3.M4.C4","tau_m":[0.00017073293542290091,0.00017833789920431605,0.00014603537944272258,0.0001266569391362797],"K_m":[1423.9563096274292,-1008.5049674205156,-562.037452617204,146.10436339628137],"X0":[5.6082191638471894E+6,-3.98913926437289E+6,-2.231015155400956E+6,608395.066852604],"fit":93.454395631045088,"sysfit":[0.99667247439061346,-0.7062583867151091]}