{"Name":"XFEL.RF.A17.L3.M1.C1","tau_m":[0.000312735343490095,0.00030325627005178623,5.0937095301303738E-5,0.00027446688160968848],"K_m":[23.235609943490061,-33.796280219498655,-1.1289261529005057,11.162755580677356],"X0":[-2.2986647703396096E+6,2.9578086846958376E+6,891.283517109161,-663613.82034046552],"fit":90.52751245146095,"sysfit":[0.992188032616755,0.55013318720680626],"cal_coeff_real":[-0.27091601552897471,0.014338474183322514,-0.0036111367620924734,-0.27058826033586691],"cal_coeff_imag":[0.91059477726497451,0.015903977825482148,0.012155906892876329,0.91717585276908409],"QL_nom":4.5659847811489413E+6,"Sigma_nom":[[2.1415496436403112E-5,6.5623762653194534E-7],[6.5623762653194534E-7,3.432735310320262E-5]],"r_mean_nom":[-0.00099770894140492812,0.0044631363957536333],"MeasNoiseVar":[[0.0001,0],[0,0.0001]],"ProcessVar":[[0.0001,0,0,0,0,0],[0,0.0001,0,0,0,0],[0,0,0.0001,0,0,0],[0,0,0,0.0001,0,0],[0,0,0,0,0.0001,0],[0,0,0,0,0,0.0001]]}