{"Name":"XFEL.RF.A12.L3.M3.C4","tau_m":[0.00040860754919680442,0.00039577283621441983,0.00011596737250948498,0.00017012897865523717],"K_m":[135.64532717001691,-142.72696247960712,-8.129692853653042,15.030738572614283],"X0":[-155288.69966836073,154877.84403413616,-92.61271004293009,-1579.4531527084923],"fit":96.266045551977385,"sysfit":[0.76495112704360313,0.99172315673679379],"cal_coeff_real":[-0.51518371114452088,-0.0035214525551696247,-0.0011137067233124422,0.96730094051151938],"cal_coeff_imag":[0.82451993147030034,0.00019407134333504291,0.0010510228876861902,0.0235425668531884],"QL_nom":4.5445426450701533E+6,"Sigma_nom":[[2.6788886218206392E-5,2.2783409314152149E-6],[2.2783409314152149E-6,2.16261380567903E-5]],"r_mean_nom":[0.002422252671205721,0.00036772483463227783],"MeasNoiseVar":[[0.0001,0],[0,0.0001]],"ProcessVar":[[0.0001,0,0,0,0,0],[0,0.0001,0,0,0,0],[0,0,0.0001,0,0,0],[0,0,0,0.0001,0,0],[0,0,0,0,0.0001,0],[0,0,0,0,0,0.0001]]}