{"Name":"XFEL.RF.A17.L3.M1.C6","tau_m":[0.00040222010659161781,0.00042588779734049637,4.060074266325969E-5,0.00030153799585981946],"K_m":[-60.67845907604017,50.941421877461437,-0.90986338016476409,10.034924983972328],"X0":[281606.991357586,-244989.97096380472,1151.7313182783098,-39145.642714296482],"fit":90.696225693420956,"sysfit":[0.93495180221448138,0.98059278287361828],"cal_coeff_real":[0.983568806689143,-0.007081244348571534,0.0028786215891620929,0.997354659348315],"cal_coeff_imag":[0.029726623112232467,0.0074606381865006521,0.00052467613376896689,0.028108979245756161],"QL_nom":4.6525968218544768E+6,"Sigma_nom":[[0.00020771392904183963,-3.0540003772136767E-5],[-3.0540003772136767E-5,1.6989267720943E-5]],"r_mean_nom":[0.00068398090035579051,-0.0011552279604073866],"MeasNoiseVar":[[0.0001,0],[0,0.0001]],"ProcessVar":[[0.0001,0,0,0,0,0],[0,0.0001,0,0,0,0],[0,0,0.0001,0,0,0],[0,0,0,0.0001,0,0],[0,0,0,0,0.0001,0],[0,0,0,0,0,0.0001]]}