{"Name":"XFEL.RF.A17.L3.M1.C3","tau_m":[0.00040246010900271472,0.00035852240749838368,8.7935261258426965E-5,0.00023544530636550188],"K_m":[50.42863631745125,-65.341583461990353,-2.7804590147729491,17.791069456482475],"X0":[-145901.24961329051,172800.06001488032,1964.4659968433509,-32148.534024956087],"fit":95.562994830972585,"sysfit":[0.93740758028580817,0.8508509835692859],"cal_coeff_real":[0.97676931429670566,0.018245357414388774,0.001658540107616254,0.963709135020121],"cal_coeff_imag":[0.033891477602846859,-0.015760413993690034,-2.2572822812128704E-6,0.02743909214254427],"QL_nom":4.5746130904941959E+6,"Sigma_nom":[[2.7642596447009618E-5,-3.2228417805989389E-6],[-3.2228417805989389E-6,2.4375177539908976E-5]],"r_mean_nom":[0.0022416490355751427,-0.0027332654233731368],"MeasNoiseVar":[[0.0001,0],[0,0.0001]],"ProcessVar":[[0.0001,0,0,0,0,0],[0,0.0001,0,0,0,0],[0,0,0.0001,0,0,0],[0,0,0,0.0001,0,0],[0,0,0,0,0.0001,0],[0,0,0,0,0,0.0001]]}