{"Name":"XFEL.RF.A17.L3.M1.C4","tau_m":[0.0002187683936459825,0.00021603037873778178,0.00017692150080970382,0.00014910040249568871],"K_m":[-42.723424963286654,19.526750025112378,57.391021523618043,-34.779979151395231],"X0":[-1.2047007887252243E+7,1.3063313220961293E+7,-1.3692305158536627E+6,349020.180479703],"fit":94.682858861844025,"sysfit":[0.990556632901849,0.69746639314035241]}