{"Name":"XFEL.RF.A17.L3.M3.C3","tau_m":[0.00020494186840223707,0.00021191623328422596,0.00018431851324004665,0.00015866891948365975],"K_m":[-12.183593987098211,-31.07739905945181,86.858683409707552,-44.0804808421905],"X0":[1.1834678801367706E+7,-8.2006424617622858E+6,-4.4229266816134639E+6,785958.4884794408],"fit":93.874001218661135,"sysfit":[0.98870880028095143,0.6238955736102243]}