{"Name":"XFEL.RF.A12.L3.M2.C6","tau_m":[0.00020017009219845487,0.00015793605644750847,0.00016841302860477023,0.00023038892294481936],"K_m":[11.82923627344231,-25.661830361358856,23.532442163918059,-10.071452116825398],"X0":[1.0376710307104895E+6,879436.383938301,-1.5123087617746929E+6,-406011.61786846793],"fit":94.297338691143551,"sysfit":[0.17903882060692611,0.99848503006053646],"cal_coeff_real":[0.974108515111635,0.0063907736232578522,0.0091624567742364209,0.97652568503841974],"cal_coeff_imag":[0.028802208816843828,0.00828005432770753,0.0010398694386983681,0.011196121169002267],"QL_nom":4.6016998798023323E+6,"Sigma_nom":[[3.3712885790023096E-5,-8.4855312970064889E-6],[-8.4855312970064889E-6,1.8666094643356121E-5]],"r_mean_nom":[0.0016489574772490243,-0.00044333479244156184],"MeasNoiseVar":[[0.0001,0],[0,0.0001]],"ProcessVar":[[0.0001,0,0,0,0,0],[0,0.0001,0,0,0,0],[0,0,0.0001,0,0,0],[0,0,0,0.0001,0,0],[0,0,0,0,0.0001,0],[0,0,0,0,0,0.0001]]}