{"Name":"XFEL.RF.A17.L3.M3.C8","tau_m":[0.00047660061656473642,0.00041378770294314969,0.0001248917865511224,0.00014847822360651258],"K_m":[14.814487308757633,-19.163764527970244,-18.804636217136913,22.581948424073538],"X0":[-62677.356747825084,64416.787143252426,8818.90101446082,-13435.948133289],"fit":90.518956462345727,"sysfit":[0.997988461304975,0.64137702863869728],"cal_coeff_real":[0.64618355295029262,0.0026242351495332481,0.0078139437621524924,0.65603723148056425],"cal_coeff_imag":[0.69048266274942238,0.0043309551115329366,0.0094459827150097965,0.69472744737094339],"QL_nom":4.6340018849837389E+6,"Sigma_nom":[[1.9258942137721734E-5,1.3368232317907891E-6],[1.3368232317907891E-6,2.8400767352599044E-5]],"r_mean_nom":[0.0004094309990314168,0.0036726182053791307],"MeasNoiseVar":[[0.0001,0],[0,0.0001]],"ProcessVar":[[0.0001,0,0,0,0,0],[0,0.0001,0,0,0,0],[0,0,0.0001,0,0,0],[0,0,0,0.0001,0,0],[0,0,0,0,0.0001,0],[0,0,0,0,0,0.0001]]}