{"Name":"XFEL.RF.A17.L3.M2.C1","tau_m":[0.0010167655762650335,0.0010165756013549186,2.2548090724349757E-5,0.0010116779636575083],"K_m":[-37.028892789747935,33.1126044245617,-0.61961869865114516,3.2579399054372753],"X0":[-2.3441552435818944E+9,2.434088140039669E+9,551.10123533291778,-8.9935170508756638E+7],"fit":89.7416091468876,"sysfit":[0.98188630969286428,0.97991165463377161],"cal_coeff_real":[0.984815090117986,-0.004365892668945083,0.0028040654265124474,0.99137949099368683],"cal_coeff_imag":[0.024277993783725055,0.0024569096546906621,0.0005816270737455183,0.020732445725455788],"QL_nom":4.636282018296862E+6,"Sigma_nom":[[0.000202103770743119,-3.4141074227617851E-5],[-3.4141074227617851E-5,2.1714397228795283E-5]],"r_mean_nom":[3.6620436820155471E-5,-0.00089923862574781458],"MeasNoiseVar":[[0.0001,0],[0,0.0001]],"ProcessVar":[[0.0001,0,0,0,0,0],[0,0.0001,0,0,0,0],[0,0,0.0001,0,0,0],[0,0,0,0.0001,0,0],[0,0,0,0,0.0001,0],[0,0,0,0,0,0.0001]]}