{"Name":"XFEL.RF.A17.L3.M2.C8","tau_m":[0.00023195589024986295,0.00029151835703485128,0.00027309589314815683,0.0002378809401188979],"K_m":[-12.805697422101121,30.948076331828112,-37.384315031485471,18.774894101282356],"X0":[1.3331291941045884E+7,-4.9773123133748826E+6,9.7088579139810167E+6,-1.806633529236507E+7],"fit":92.763887639190841,"sysfit":[0.98833679545083708,0.90701427624675623]}