{"Name":"XFEL.RF.A17.L3.M3.C2","tau_m":[2.153633703249207,2.1085001912681225,1.2046732303204006E-5,2.3719142725101725],"K_m":[1422.0272375845757,2628.54633172601,-0.551050139941211,-7426.9862141407139],"X0":[9.97245062490759E+11,-8.09045341413454E+11,581.13362671517939,-1.8819972418391022E+11],"fit":94.734607623404571,"sysfit":[0.98816377269101607,0.98376683219635841],"cal_coeff_real":[0.47029283399316962,0.014407035020385235,0.0010817921710653022,0.46859924497886768],"cal_coeff_imag":[0.86104882570391772,0.040337279727947727,0.0020358873087689328,0.81976700807098435],"QL_nom":4.6108566512588859E+6,"Sigma_nom":[[2.4757005154099495E-5,-2.9606473429988561E-6],[-2.9606473429988561E-6,2.1174369846981529E-5]],"r_mean_nom":[-0.000856026077230083,-0.00075403932061725862],"MeasNoiseVar":[[0.0001,0],[0,0.0001]],"ProcessVar":[[0.0001,0,0,0,0,0],[0,0.0001,0,0,0,0],[0,0,0.0001,0,0,0],[0,0,0,0.0001,0,0],[0,0,0,0,0.0001,0],[0,0,0,0,0,0.0001]]}