{"Name":"XFEL.RF.A17.L3.M2.C5","tau_m":[0.00032505097058129845,0.00035164809075359689,9.9901014408217774E-5,7.9380113987579171E-5],"K_m":[-22.807274895303994,20.707330622001109,13.392799961042027,-11.42417636798767],"X0":[93837.917037804233,-91376.232980348228,-15987.934271023685,12173.693548163665],"fit":92.008003867789483,"sysfit":[0.92537996550409085,0.95096852002228049],"cal_coeff_real":[0.99081637249086,-0.0057164942418227735,0.0027153623050874989,0.9957037310563932],"cal_coeff_imag":[0.022690153772021462,0.00071423063090110712,0.0010893636943388456,0.023393008123228649],"QL_nom":4.6818348502137484E+6,"Sigma_nom":[[0.0002016368801957021,-2.9229959581828443E-5],[-2.9229959581828443E-5,1.9151314730841764E-5]],"r_mean_nom":[0.0013260347441372707,-0.0016909377302011246],"MeasNoiseVar":[[0.0001,0],[0,0.0001]],"ProcessVar":[[0.0001,0,0,0,0,0],[0,0.0001,0,0,0,0],[0,0,0.0001,0,0,0],[0,0,0,0.0001,0,0],[0,0,0,0,0.0001,0],[0,0,0,0,0,0.0001]]}