{"Name":"XFEL.RF.A17.L3.M3.C5","tau_m":[0.00028638511055993773,0.00029349831464785026,2.4408575011498168E-5,6.7506924413525369E-5],"K_m":[-10.28968318768095,9.575276501152878,1.6415080271462605,-0.99224351436073188],"X0":[-8287.6210723663826,5102.8543793015724,-1441.9092916227326,2538.4284373444657],"fit":66.393906490397427,"sysfit":[0.99567893650178751,0.94626901250391615],"cal_coeff_real":[0.64563059002377365,0.011155454703506306,0.012123050321253711,0.65443782488136215],"cal_coeff_imag":[0.68328247114029828,-0.026911631586533417,0.013111212952067547,0.72534300809997276],"QL_nom":4.7150342100779265E+6,"Sigma_nom":[[3.2175399223255463E-5,4.0819523046805086E-6],[4.0819523046805086E-6,2.6114267784786208E-5]],"r_mean_nom":[-0.00061856211836674253,0.00061866327840912332],"MeasNoiseVar":[[0.0001,0],[0,0.0001]],"ProcessVar":[[0.0001,0,0,0,0,0],[0,0.0001,0,0,0,0],[0,0,0.0001,0,0,0],[0,0,0,0.0001,0,0],[0,0,0,0,0.0001,0],[0,0,0,0,0,0.0001]]}