{"Name":"XFEL.RF.A17.L3.M3.C2","tau_m":[0.00021652642491087442,0.00021567828723416019,0.0001784525957364097,0.00015174380523244387],"K_m":[-40.261391653311314,11.171287139237071,68.029853886675042,-39.492330400147374],"X0":[-4.0757334340363495E+7,4.1891563452278346E+7,-1.5260178208669699E+6,388203.52451789757],"fit":94.902308501473428,"sysfit":[0.99253979778875712,0.62498885460394971]}