{"Name":"XFEL.RF.A17.L3.M2.C2","tau_m":[0.00028739909952278664,0.00027830171620939,0.00011052705383145662,0.00024170665797013636],"K_m":[432.53509128005481,-552.56723739099914,-5.8077021041214154,125.47973637163308],"X0":[-1.6380135212176084E+6,2.0091395290676896E+6,5577.3021390201693,-379162.30862447195],"fit":84.998043070181325,"sysfit":[0.997105751427642,0.25250195596122282],"cal_coeff_real":[-0.25647379210804588,0.016554477562056295,-0.0033327824408725137,-0.27921255252713156],"cal_coeff_imag":[0.94444924798994867,0.011812701921140707,0.013607949601990074,0.94046376589979253],"QL_nom":4.708825958251318E+6,"Sigma_nom":[[1.6127356144412457E-5,-8.0818868841201187E-9],[-8.0818868841201187E-9,2.4165801610736018E-5]],"r_mean_nom":[-0.00061658404476855864,0.0027476259046841263],"MeasNoiseVar":[[0.0001,0],[0,0.0001]],"ProcessVar":[[0.0001,0,0,0,0,0],[0,0.0001,0,0,0,0],[0,0,0.0001,0,0,0],[0,0,0,0.0001,0,0],[0,0,0,0,0.0001,0],[0,0,0,0,0,0.0001]]}