{"Name":"XFEL.RF.A12.L3.M4.C5","tau_m":[0.00028843020911240209,0.00029126034979166124,0.00029113210078781049,0.00027965132047900765],"K_m":[28.081100067022856,-61.363766755276188,58.47781964106845,-25.750671859291941],"X0":[-1.0412182405608643E+9,-1.7131287183615149E+10,1.8118602841299629E+10,5.3899117194199637E+7],"fit":95.2409082404202,"sysfit":[0.653048327448619,0.99563867452637667],"cal_coeff_real":[-0.5075967076060951,0.023153849407944103,-0.0088196411108179759,0.94949949559101587],"cal_coeff_imag":[0.80838968922636112,-0.014550184933778488,0.014201309263304797,0.027175191454626484],"QL_nom":4.4845214552492453E+6,"Sigma_nom":[[3.5037419638539836E-5,-9.8161911016768026E-7],[-9.8161911016768026E-7,2.2419789997931164E-5]],"r_mean_nom":[0.0030961165301158881,7.1827571537848544E-5],"MeasNoiseVar":[[0.0001,0],[0,0.0001]],"ProcessVar":[[0.0001,0,0,0,0,0],[0,0.0001,0,0,0,0],[0,0,0.0001,0,0,0],[0,0,0,0.0001,0,0],[0,0,0,0,0.0001,0],[0,0,0,0,0,0.0001]]}