{"Name":"XFEL.RF.A12.L3.M1.C7","tau_m":[0.00054022598561939477,0.000499555251760109,9.52996838020099E-5,0.00016910780337120695],"K_m":[30.299821064533713,-32.906325778392784,-2.9142529656785419,5.0969546569572382],"X0":[-74904.670260426486,74113.609078295922,959.46859772080745,-3160.0075021626585],"fit":98.087480338537418,"sysfit":[0.86152666017500434,0.98671967608262412],"cal_coeff_real":[0.96253255050403619,0.020036066504577083,0.00080144322581877762,0.9400439881177719],"cal_coeff_imag":[0.038169304822055682,0.00079453180660827747,3.1781389764218851E-5,0.021091421610771374],"QL_nom":4.447691627251571E+6,"Sigma_nom":[[3.2124455050727E-5,1.0270780489889369E-6],[1.0270780489889369E-6,2.5198818928623338E-5]],"r_mean_nom":[0.0032464405443435305,0.00014100597777986856],"MeasNoiseVar":[[0.0001,0],[0,0.0001]],"ProcessVar":[[0.0001,0,0,0,0,0],[0,0.0001,0,0,0,0],[0,0,0.0001,0,0,0],[0,0,0,0.0001,0,0],[0,0,0,0,0.0001,0],[0,0,0,0,0,0.0001]]}