{"Name":"XFEL.RF.A17.L3.M3.C1","tau_m":[0.00018289229714898517,0.00016091602133669686,2.4083462895443733E-5,7.8540474794561513E-5],"K_m":[-35.012918419174156,43.132725919168976,4.4647758200576524,-12.627055245405582],"X0":[-26261.243635490177,23199.928425760776,-1345.4674777911894,2271.5433990493839],"fit":63.723991297525082,"sysfit":[0.9897324124660124,0.40267189796528979],"cal_coeff_real":[0.63954731222245964,0.016603393460853568,0.0097522792912861454,0.64670150016436423],"cal_coeff_imag":[0.7191500846304788,0.030685888503725802,0.011288023829848039,0.70021802266718114],"QL_nom":4.762804864731526E+6,"Sigma_nom":[[1.9110547824630252E-5,-1.4376739779060226E-5],[-1.4376739779060226E-5,0.00010142120731637264]],"r_mean_nom":[0.0013393501566112223,-0.00363889683958917],"MeasNoiseVar":[[0.0001,0],[0,0.0001]],"ProcessVar":[[0.0001,0,0,0,0,0],[0,0.0001,0,0,0,0],[0,0,0.0001,0,0,0],[0,0,0,0.0001,0,0],[0,0,0,0,0.0001,0],[0,0,0,0,0,0.0001]]}