{"Name":"XFEL.RF.A17.L3.M4.C1","tau_m":[0.00020728592284930455,0.0002110268983401323,0.00018124871208105746,0.00015513766675453243],"K_m":[-28.950435234611614,-10.194282709970931,78.742551400017859,-40.062830064594515],"X0":[1.2530917935540387E+7,-1.0588947015485255E+7,-2.4389610603749119E+6,494682.59759360959],"fit":92.25593649731708,"sysfit":[0.99381565061056021,0.42379432483301638]}