{"Name":"XFEL.RF.A17.L3.M4.C2","tau_m":[0.00018962140320088648,0.0002330852464075072,0.000186031771041775,0.00015432342787293036],"K_m":[32.348729101466823,-27.376027866512153,27.896546986000558,-33.48073965010559],"X0":[1.0135800441419128E+7,-528773.7282419143,-1.0041547631064083E+7,431696.04295000737],"fit":93.223682577032534,"sysfit":[0.94192296587522717,0.219217857222206]}