{"Name":"XFEL.RF.A12.L3.M1.C6","tau_m":[0.0004357596674244263,0.00042728229327160109,6.1655136313045532E-5,0.00043021606316434141],"K_m":[49.075962759585551,-35.318083917324664,-0.34662019857962167,-14.15217103627891],"X0":[-3.822883045662608E+7,-7.08911525423396E+7,1132.5073593403756,1.0911602745743336E+8],"fit":95.9331736439572,"sysfit":[0.62355237983131284,0.987059651204642],"cal_coeff_real":[0.9656643429504338,0.020101257919053719,0.00080405092847276585,0.94509385688865322],"cal_coeff_imag":[0.03546190451364363,0.00073817459269304565,2.952716232310273E-5,0.006382232990814014],"QL_nom":4.47693203169161E+6,"Sigma_nom":[[3.3544886762629387E-5,3.3006248111881689E-6],[3.3006248111881689E-6,2.3872308462250769E-5]],"r_mean_nom":[0.0026996409380287945,-0.00063147731346299924],"MeasNoiseVar":[[0.0001,0],[0,0.0001]],"ProcessVar":[[0.0001,0,0,0,0,0],[0,0.0001,0,0,0,0],[0,0,0.0001,0,0,0],[0,0,0,0.0001,0,0],[0,0,0,0,0.0001,0],[0,0,0,0,0,0.0001]]}