{"Name":"XFEL.RF.A17.L3.M2.C2","tau_m":[0.00021142039563212096,0.0002259296213170894,0.00019887327222339695,0.00017143295186249454],"K_m":[23.532952341854269,-46.872977241909723,60.617325178023584,-37.766096253126513],"X0":[1.0794886842913777E+7,-4.1618817925618007E+6,-7.5438339644148042E+6,908386.38848888513],"fit":91.31645154326911,"sysfit":[0.9916827239732604,0.29624676017971885]}