{"Name":"XFEL.RF.A17.L3.M2.C5","tau_m":[0.00018920534422648885,0.00023624806834853879,0.00019069718964336303,0.000154315931874669],"K_m":[18.057631901866397,-15.976283319385058,18.615153103901115,-21.368792631683917],"X0":[-2.4273290862798817E+7,-504594.61268012226,2.4358533085666087E+7,417587.5939131935],"fit":95.283762204373517,"sysfit":[0.99854029763532337,0.61546705454593376],"cal_coeff_real":[-0.24191997880008806,-0.0012217564191600891,-1.2217592801689542E-5,-0.24536363460290184],"cal_coeff_imag":[0.91401071435932191,0.0046159827853718138,4.6159882021794479E-5,0.90470477214031753],"QL_nom":4.6643052083769646E+6,"Sigma_nom":[[1.4965020852087469E-5,5.0803240607235183E-7],[5.0803240607235183E-7,2.0176367651211722E-5]],"r_mean_nom":[0.00011339785142629934,0.0017081169029252747],"MeasNoiseVar":[[0.0001,0],[0,0.0001]],"ProcessVar":[[0.0001,0,0,0,0,0],[0,0.0001,0,0,0,0],[0,0,0.0001,0,0,0],[0,0,0,0.0001,0,0],[0,0,0,0,0.0001,0],[0,0,0,0,0,0.0001]]}