{"Name":"XFEL.RF.A17.L3.M1.C7","tau_m":[0.10327765799400195,0.10776666629385329,8.854179808434352E-6,0.085024471635770163],"K_m":[-536.40750790440893,-788.54099730731787,-0.53706118957803384,976.00458080288115],"X0":[1.1413895103734415E+9,-9.5598893583377147E+8,657.13303108755542,-1.8540389002860567E+8],"fit":94.641988449928988,"sysfit":[0.99201851585876388,0.96124578021143281],"cal_coeff_real":[0.97381274951090335,-0.010809557376617507,0.0031073164549099948,0.99146231234242732],"cal_coeff_imag":[0.030813651142097078,0.0016114590046508892,0.00064362167030782968,0.022938823020901302],"QL_nom":4.4782277024182174E+6,"Sigma_nom":[[2.4857371074301274E-5,-2.557332818221596E-6],[-2.557332818221596E-6,2.3108620848698023E-5]],"r_mean_nom":[-0.00046649439746726626,-0.00034007608192741188],"MeasNoiseVar":[[0.0001,0],[0,0.0001]],"ProcessVar":[[0.0001,0,0,0,0,0],[0,0.0001,0,0,0,0],[0,0,0.0001,0,0,0],[0,0,0,0.0001,0,0],[0,0,0,0,0.0001,0],[0,0,0,0,0,0.0001]]}