{"Name":"XFEL.RF.A17.L3.M2.C4","tau_m":[0.00034006444629804415,0.00026310827093205486,0.0002151291008293691,0.00019728944506433544],"K_m":[56.545587579243318,-246.97244724310278,483.24134844511428,-293.17299874511065],"X0":[-55897.825629565,158465.53173177922,-207464.55340848773,103250.1793007308],"fit":84.8631324441177,"sysfit":[0.996893017382351,0.9156811527819636]}