{"Name":"XFEL.RF.A17.L3.M4.C5","tau_m":[0.00021438755860236396,0.00022199297897273541,0.00018904092752150282,0.00016285920686452896],"K_m":[-10.893544426927185,-42.826158828623711,110.71952796001139,-57.786865898747735],"X0":[8.2288365760495989E+6,-5.9483416939139208E+6,-2.8706806002877019E+6,586375.77648780576],"fit":95.2379217709618,"sysfit":[0.98475853838882643,0.90096288669362168]}