{"Name":"XFEL.RF.A17.L3.M2.C6","tau_m":[0.00452701306476606,2.3430140308159125E-5,1.9127519882066357E-5,0.0044574196567442447],"K_m":[310.441271395483,8.2537912470374533,-8.663014913344778,-310.25854792494539],"X0":[-179004.49135451,-682.7954289083018,803.64534676832955,175451.38110576547],"fit":94.178484024576036,"sysfit":[0.98396361591801518,0.84985054127564574],"cal_coeff_real":[0.98469073304504451,0.0096509293216992965,0.0024506371905588993,0.97517576383165672],"cal_coeff_imag":[0.025214298195450884,-0.0229161826962811,3.3634989902378807E-5,0.037085938876311952],"QL_nom":4.6024470914040441E+6,"Sigma_nom":[[2.307983983516921E-5,-2.0182171717714189E-6],[-2.0182171717714189E-6,2.44208493822411E-5]],"r_mean_nom":[0.0014474080682630444,-0.0018826503398479829],"MeasNoiseVar":[[0.0001,0],[0,0.0001]],"ProcessVar":[[0.0001,0,0,0,0,0],[0,0.0001,0,0,0,0],[0,0,0.0001,0,0,0],[0,0,0,0.0001,0,0],[0,0,0,0,0.0001,0],[0,0,0,0,0,0.0001]]}