{"Name":"XFEL.RF.A12.L3.M3.C6","tau_m":[0.00041532131082874904,0.00047835194887141125,6.7312239810662615E-5,0.000234729634279386],"K_m":[-25.936950258439214,20.384893022873523,-1.4386219516448948,6.6074357462894833],"X0":[70928.035479234546,-65253.718941544925,322.03076331474017,-9090.783944061],"fit":97.799667590792211,"sysfit":[0.42324460799547947,0.992955078548254],"cal_coeff_real":[-0.515109754811001,0.029922509291256519,-0.0029440260056331777,0.94414287926628437],"cal_coeff_imag":[0.82112704596702779,-0.0029243941921539137,0.0047530723020810864,0.023296769392824886],"QL_nom":4.5391253534392919E+6,"Sigma_nom":[[3.2300358445109632E-5,1.6971902879735579E-6],[1.6971902879735579E-6,2.4833691923155481E-5]],"r_mean_nom":[0.0032465984133352439,-0.00027039293287645544],"MeasNoiseVar":[[0.0001,0],[0,0.0001]],"ProcessVar":[[0.0001,0,0,0,0,0],[0,0.0001,0,0,0,0],[0,0,0.0001,0,0,0],[0,0,0,0.0001,0,0],[0,0,0,0,0.0001,0],[0,0,0,0,0,0.0001]]}