{"Name":"XFEL.RF.A17.L3.M2.C6","tau_m":[0.0002575820231762913,0.00032339960046537814,0.00030213464287687073,0.00026352853916220296],"K_m":[-14.744753657600818,36.180383700163134,-49.411117794709064,27.292315891930727],"X0":[1.515630083897266E+7,-4.773775547938453E+6,9.6215505291192327E+6,-2.0007800622915179E+7],"fit":93.83863063548624,"sysfit":[0.99266837902023408,0.96415128970100283]}