{"Name":"XFEL.RF.A12.L3.M3.C2","tau_m":[0.018944745371636238,0.017773551929822759,0.017720916856814414,0.0183307119854799],"K_m":[-180.61736148391086,243.89474792424792,-6.0565845647074319,-93.45279566535288],"X0":[2.3882265253538437E+9,6.8526134889841736E+10,-6.0178003769982483E+10,-1.0736359966540642E+10],"fit":93.286262981918355,"sysfit":[0.946135855862354,0.99678200585434928],"cal_coeff_real":[-0.51401309904889891,0.016673316099615979,-0.0033811989443714571,0.96673242345329458],"cal_coeff_imag":[0.83050865673986873,-0.025041367388053775,0.0055630564319872457,0.042654885398029231],"QL_nom":4.5834492221968789E+6,"Sigma_nom":[[3.8468423979203415E-5,-4.7562989809691791E-6],[-4.7562989809691791E-6,2.1263308726889552E-5]],"r_mean_nom":[-0.0013781963676513112,-0.00037786543774954068],"MeasNoiseVar":[[0.0001,0],[0,0.0001]],"ProcessVar":[[0.0001,0,0,0,0,0],[0,0.0001,0,0,0,0],[0,0,0.0001,0,0,0],[0,0,0,0.0001,0,0],[0,0,0,0,0.0001,0],[0,0,0,0,0,0.0001]]}