{"Name":"XFEL.RF.A17.L3.M1.C2","tau_m":[0.00019503377614341847,0.00021227600664498641,0.00017995698348192686,0.00015352922018519154],"K_m":[34.130839918786513,-57.858163784854966,68.205130864279425,-45.030842369111831],"X0":[3.7810996440797243E+6,-1.4891018081230635E+6,-2.6895715841300949E+6,395579.32197099528],"fit":91.372587408661317,"sysfit":[0.99794451560812714,0.27738590206954139]}