{"Name":"XFEL.RF.A17.L3.M3.C4","tau_m":[0.0015721456200400994,0.0014779134427361979,1.4713925026574659E-5,0.0015384542224544649],"K_m":[49.097189498842368,-15.83036837706695,-0.58138109986007014,-33.038327322282186],"X0":[1.4372164700589485E+6,814187.48405730131,763.50004227881777,-2.2532363221848113E+6],"fit":89.846776633368947,"sysfit":[0.94619397967286789,0.98739829352485076],"cal_coeff_real":[0.47653860798099063,-0.0025401561174338504,0.0012450802866169077,0.48087371701315523],"cal_coeff_imag":[0.86361830765056935,-0.0095066762582946534,0.0027148976079247418,0.87404271137484679],"QL_nom":4.7013678041386874E+6,"Sigma_nom":[[0.00021790493482862306,-3.2336491169883571E-5],[-3.2336491169883571E-5,1.7504004386533726E-5]],"r_mean_nom":[0.0003212722660508864,-0.00090625042428276381],"MeasNoiseVar":[[0.0001,0],[0,0.0001]],"ProcessVar":[[0.0001,0,0,0,0,0],[0,0.0001,0,0,0,0],[0,0,0.0001,0,0,0],[0,0,0,0.0001,0,0],[0,0,0,0,0.0001,0],[0,0,0,0,0,0.0001]]}