{"Name":"XFEL.RF.A12.L3.M1.C5","tau_m":[0.00024198537589250016,0.00019239357887549914,0.00020506710368570612,0.00029450389266763105],"K_m":[-423.18748658351757,-511.6734141602418,827.198833140009,107.57407025642378],"X0":[561094.01715084317,483365.15092287614,-861528.1140193016,-185536.86550454143],"fit":97.249645989921,"sysfit":[-0.71864078961950062,0.99792903432634239],"cal_coeff_real":[0.96142193246503016,0.017554337443574774,0.0067390823170203956,0.9499680409695801],"cal_coeff_imag":[0.036140441368034092,-0.0057537795126136933,0.0002938220666912092,0.02099029951639024],"QL_nom":4.4660573992804689E+6,"Sigma_nom":[[2.7183802852744749E-5,1.7738743204185004E-6],[1.7738743204185004E-6,2.1397561737853931E-5]],"r_mean_nom":[0.0029932822993905882,-0.00025094934673963368],"MeasNoiseVar":[[0.0001,0],[0,0.0001]],"ProcessVar":[[0.0001,0,0,0,0,0],[0,0.0001,0,0,0,0],[0,0,0.0001,0,0,0],[0,0,0,0.0001,0,0],[0,0,0,0,0.0001,0],[0,0,0,0,0,0.0001]]}