{"Name":"XFEL.RF.A17.L3.M4.C4","tau_m":[0.00038179051693495856,0.00034281043584416125,0.00015278994478304045,0.00023805024881745312],"K_m":[76.41980652704666,-111.93048779455823,-13.261658231411207,48.444238703628521],"X0":[-135167.40208165793,160183.68597877098,2557.5617028762376,-31198.752926340694],"fit":90.4814777418624,"sysfit":[0.99674346513108969,0.19559067948619391],"cal_coeff_real":[0.630301353839688,0.002318983823400358,0.0075957093547750027,0.64880334709823673],"cal_coeff_imag":[0.7356109710569686,0.0062920563948428735,0.0095844936916468868,0.74379661870997127],"QL_nom":4.584616073562053E+6,"Sigma_nom":[[2.1013419083251995E-5,1.6245950628369926E-6],[1.6245950628369926E-6,2.733280498079257E-5]],"r_mean_nom":[-8.2750733907169241E-5,0.0030995014001765249],"MeasNoiseVar":[[0.0001,0],[0,0.0001]],"ProcessVar":[[0.0001,0,0,0,0,0],[0,0.0001,0,0,0,0],[0,0,0.0001,0,0,0],[0,0,0,0.0001,0,0],[0,0,0,0,0.0001,0],[0,0,0,0,0,0.0001]]}