{"Name":"XFEL.RF.A17.L3.M3.C6","tau_m":[0.0001573712154088915,0.00030719615066278442,0.00028540676402460865,0.000244182951749517],"K_m":[-25.117217775194892,368.52960821788935,-598.97087654343807,255.51467066654],"X0":[10429.71073490165,-378082.21891435731,564398.474692044,-198674.5560675782],"fit":87.883025857609624,"sysfit":[0.99014533031533325,0.93083347501156255]}