{"Name":"XFEL.RF.A17.L3.M4.C5","tau_m":[0.00039851069848753607,0.00041165345157296771,5.4990362683185608E-5,0.00028450102811928136],"K_m":[-192.759397025396,175.28133213601583,-1.4191530023211134,18.609262544367343],"X0":[703703.725928932,-658402.91030130873,1079.4202635565277,-49421.63209919697],"fit":95.1683790812983,"sysfit":[0.96066575058206283,0.9051396363077604],"cal_coeff_real":[0.47308974242880952,0.0008374224871080788,0.0012153387177291782,0.47943432885772158],"cal_coeff_imag":[0.85715265691768516,-0.010864427033664324,0.0027386196051004306,0.869944473186809],"QL_nom":4.5718497442439348E+6,"Sigma_nom":[[2.8469431041870919E-5,-5.6268261683232796E-6],[-5.6268261683232796E-6,2.6032966070217114E-5]],"r_mean_nom":[0.0020303712877152462,-0.0024674456852273462],"MeasNoiseVar":[[0.0001,0],[0,0.0001]],"ProcessVar":[[0.0001,0,0,0,0,0],[0,0.0001,0,0,0,0],[0,0,0.0001,0,0,0],[0,0,0,0.0001,0,0],[0,0,0,0,0.0001,0],[0,0,0,0,0,0.0001]]}