{"Name":"XFEL.RF.A17.L3.M3.C4","tau_m":[0.00037143670576939133,0.00037116315607693651,0.00031293494611095928,0.0002789762428316013],"K_m":[-14.619882806763457,36.563884553897616,-45.542714029341184,22.647463123274864],"X0":[-2.9165026416647905E+8,2.934873717517783E+8,-2.7429102854282134E+6,903482.15253827826],"fit":90.253903096069564,"sysfit":[0.99804358977033669,0.94086581125618551]}