{"Name":"XFEL.RF.A17.L3.M2.C4","tau_m":[0.0044669983019750021,0.0044609633456533229,2.4697000055777137E-5,0.0044880381615855581],"K_m":[247.96926644495045,-210.82295518097087,-0.53850933477765439,-42.075459056011177],"X0":[-5.5454256091400218E+8,4.3093193598194695E+8,718.87544154313866,1.2360964071037993E+8],"fit":78.13797817455837,"sysfit":[0.98596287910431668,0.99090346009224251],"cal_coeff_real":[0.99620475423261146,-0.0032779522326216422,0.0025561844770348664,0.99602110093619245],"cal_coeff_imag":[0.0251157548497667,0.0081867259744890074,0.000595028183387247,0.027456503533315774],"QL_nom":4.6476866074321605E+6,"Sigma_nom":[[0.00019144266640393358,-3.3087544081809185E-5],[-3.3087544081809185E-5,1.6335426719531396E-5]],"r_mean_nom":[-0.00051335533496830359,-0.0006414974418909084],"MeasNoiseVar":[[0.0001,0],[0,0.0001]],"ProcessVar":[[0.0001,0,0,0,0,0],[0,0.0001,0,0,0,0],[0,0,0.0001,0,0,0],[0,0,0,0.0001,0,0],[0,0,0,0,0.0001,0],[0,0,0,0,0,0.0001]]}