{"Name":"XFEL.RF.A17.L3.M3.C8","tau_m":[0.00016820887719147366,0.00022826386563684688,0.00018971328717089459,0.00016094314321420721],"K_m":[2.64990302527913,-43.284756919667863,93.469513946666865,-53.426300394312165],"X0":[-4.7579026632578215E+6,-541947.09342705132,2.3829674021456828E+6,2.9138093522483278E+6],"fit":93.743733027049927,"sysfit":[0.99687556526229426,0.41996921050326852]}