{"Name":"XFEL.RF.A17.L3.M1.C1","tau_m":[0.00019354851076826897,0.00021361297252617557,0.00018145609223380326,0.00015324368398618527],"K_m":[24.992950729973145,-33.726824232049005,37.505966605189535,-29.146868921687151],"X0":[7.5921205856395969E+6,-2.3029450538198049E+6,-6.0129892080904329E+6,721018.51984693354],"fit":87.454247064561287,"sysfit":[0.93259629855239612,0.87531104278981609],"cal_coeff_real":[0.98449102266426325,0.012274091763235193,0.011770019268812075,0.98555546405211036],"cal_coeff_imag":[0.051683112184231751,-0.015184367146544466,0.00072617628302516215,0.0480406500762143],"QL_nom":4.5452426058970168E+6,"Sigma_nom":[[2.7555539567360955E-5,-7.1685130309531256E-6],[-7.1685130309531256E-6,2.8752891448382514E-5]],"r_mean_nom":[0.0027705769790225682,-0.0020281930252110526],"MeasNoiseVar":[[0.0001,0],[0,0.0001]],"ProcessVar":[[0.0001,0,0,0,0,0],[0,0.0001,0,0,0,0],[0,0,0.0001,0,0,0],[0,0,0,0.0001,0,0],[0,0,0,0,0.0001,0],[0,0,0,0,0,0.0001]]}