{"Name":"XFEL.RF.A17.L3.M4.C2","tau_m":[0.0012145412055805872,0.0010422707816778473,1.302648241146904E-9,0.00060215841674707933],"K_m":[46.180064152486935,-55.139897385693104,-0.70221742267099285,8.6566119371728938],"X0":[-106457.96654682768,121313.3366994161,1385.0322596196306,-17665.767105331528],"fit":88.053472357349065,"sysfit":[-94.871935344987421,-1.2429436116372097],"cal_coeff_real":[0.62190601285604874,0.0010091617074182153,0.00788328399741216,0.62807108577783843],"cal_coeff_imag":[0.67892026068239841,0.0026163245313701659,0.009166072095886324,0.6889731250722646],"QL_nom":4.7140310651547275E+6,"Sigma_nom":[[0.89724757580617209,-3.5291381409410905],[-3.5291381409410905,50.698868058619666]],"r_mean_nom":[-2.1820223597726343,12.362937313142119],"MeasNoiseVar":[[0.0001,0],[0,0.0001]],"ProcessVar":[[0.0001,0,0,0,0,0],[0,0.0001,0,0,0,0],[0,0,0.0001,0,0,0],[0,0,0,0.0001,0,0],[0,0,0,0,0.0001,0],[0,0,0,0,0,0.0001]]}