{"Name":"XFEL.RF.A12.L3.M2.C3","tau_m":[0.00044571093018913274,0.00040739114483538718,0.00012884104268344316,0.00013322893833268211],"K_m":[17.974420524399488,-20.953530738331327,-68.441828742464565,70.959012435874882],"X0":[-64609.499386693744,64757.242068176725,18824.258411956413,-21462.428977846692],"fit":97.646971441987318,"sysfit":[0.47871722578502074,0.99465851831289964],"cal_coeff_real":[0.97672304797179621,0.028701494998769346,0.0032079893025686677,0.9536365324362267],"cal_coeff_imag":[0.039034526000612156,-0.028446168277655823,5.5293151855632795E-6,0.0507374184803646],"QL_nom":4.5550871075205216E+6,"Sigma_nom":[[2.4924126716260454E-5,1.1548411795221824E-6],[1.1548411795221824E-6,2.1856284475286005E-5]],"r_mean_nom":[0.0028334469467614044,-0.00061519411669817782],"MeasNoiseVar":[[0.0001,0],[0,0.0001]],"ProcessVar":[[0.0001,0,0,0,0,0],[0,0.0001,0,0,0,0],[0,0,0.0001,0,0,0],[0,0,0,0.0001,0,0],[0,0,0,0,0.0001,0],[0,0,0,0,0,0.0001]]}