{"Name":"XFEL.RF.A12.L3.M2.C7","tau_m":[0.00024381203908372827,0.00021864533078513258,0.00022069273989002932,0.00014116156172825438],"K_m":[-7.8606826098060356,25.707529129743904,-13.646069866649654,-4.5972565442483955],"X0":[-1.2284854071067646E+6,-1.4730390452779388E+7,1.5914111577426279E+7,42646.102899009958],"fit":95.253309769516392,"sysfit":[0.41401925431636477,0.9990370382829814],"cal_coeff_real":[0.97814993525516258,0.0022480258721607575,0.0038500223113233554,0.97855998513416742],"cal_coeff_imag":[0.030941610339862046,-0.032256945021183682,0.00013734494454927982,0.048534078028296929],"QL_nom":4.546569874740609E+6,"Sigma_nom":[[2.0062739859881268E-5,-7.9226646938729961E-7],[-7.9226646938729961E-7,1.5730837119009342E-5]],"r_mean_nom":[0.0017448978339499785,0.00020480639883868482],"MeasNoiseVar":[[0.0001,0],[0,0.0001]],"ProcessVar":[[0.0001,0,0,0,0,0],[0,0.0001,0,0,0,0],[0,0,0.0001,0,0,0],[0,0,0,0.0001,0,0],[0,0,0,0,0.0001,0],[0,0,0,0,0,0.0001]]}