{"Name":"XFEL.RF.A12.L3.M4.C6","tau_m":[0.00036844226756869693,0.000376696145322571,0.00011777142474170427,0.0001385390745890775],"K_m":[-90.640871157363478,87.5169457435047,-12.956257863968252,15.786750536655532],"X0":[316397.41607310344,-313942.87954660016,7839.7586735262857,-12816.867925553181],"fit":97.229705941401718,"sysfit":[0.63694110801360748,0.99168963229121143],"cal_coeff_real":[-0.51581163154857257,0.021145910655575844,-0.0027478695686194124,0.95312148423996812],"cal_coeff_imag":[0.81701731195856142,-0.013801532097963169,0.0044112166478565504,0.026322488596345381],"QL_nom":4.536179099034518E+6,"Sigma_nom":[[2.7811648283737261E-5,2.6563254581241235E-6],[2.6563254581241235E-6,2.3017931938787741E-5]],"r_mean_nom":[0.0026775762030986951,0.00027101350784206106],"MeasNoiseVar":[[0.0001,0],[0,0.0001]],"ProcessVar":[[0.0001,0,0,0,0,0],[0,0.0001,0,0,0,0],[0,0,0.0001,0,0,0],[0,0,0,0.0001,0,0],[0,0,0,0,0.0001,0],[0,0,0,0,0,0.0001]]}