{"Name":"XFEL.RF.A12.L3.M4.C4","tau_m":[0.0038938042152471333,0.0033529697605129451,0.0034610918790259609,0.0047032191748921492],"K_m":[230.25984610616743,294.22429913809907,-471.8231137078667,-54.436126320418225],"X0":[9.3190660939803123E+7,1.6803010353776968E+8,-2.42533285956614E+8,-1.8690217964881729E+7],"fit":94.752988308985181,"sysfit":[0.80368920576861191,0.99920750942525516],"cal_coeff_real":[-0.508809646655848,0.024203703245253016,-0.0092790303702779339,0.95655444426275715],"cal_coeff_imag":[0.81663545615872,-0.017309570462855608,0.015050498251656,0.035492831846679347],"QL_nom":4.5642472796014436E+6,"Sigma_nom":[[3.6682440623699621E-5,3.1922928026899895E-6],[3.1922928026899895E-6,2.5035215015682576E-5]],"r_mean_nom":[-0.00033717880905659574,-0.00040661271474980024],"MeasNoiseVar":[[0.0001,0],[0,0.0001]],"ProcessVar":[[0.0001,0,0,0,0,0],[0,0.0001,0,0,0,0],[0,0,0.0001,0,0,0],[0,0,0,0.0001,0,0],[0,0,0,0,0.0001,0],[0,0,0,0,0,0.0001]]}