{"Name":"XFEL.RF.A17.L3.M4.C8","tau_m":[0.00048228594926813431,0.00042642044889889267,0.00015621984337245738,0.00018090852351753162],"K_m":[46.207636036438416,-54.940447641379485,-30.719243637250329,39.564600223797044],"X0":[-87000.555253538463,93121.957273743232,16909.564644934344,-26673.935030168479],"fit":88.337278353166369,"sysfit":[-0.532774313949695,0.8402760960738479],"cal_coeff_real":[0.46578300650963328,0.0054575810959609488,0.18633703485374226,0.666691906719757],"cal_coeff_imag":[0.51238698859418486,0.010575122325011456,0.21293461983344991,0.70339971755110509],"QL_nom":4.6250891419188259E+6,"Sigma_nom":[[7.0976161225388691E-5,2.1640970751443527E-5],[2.1640970751443527E-5,6.5740277637252643E-5]],"r_mean_nom":[-0.00970494999277697,0.0018419747444098451],"MeasNoiseVar":[[0.0001,0],[0,0.0001]],"ProcessVar":[[0.0001,0,0,0,0,0],[0,0.0001,0,0,0,0],[0,0,0.0001,0,0,0],[0,0,0,0.0001,0,0],[0,0,0,0,0.0001,0],[0,0,0,0,0,0.0001]]}