{"Name":"XFEL.RF.A17.L3.M4.C7","tau_m":[0.00044892032605334904,0.00048718596544836807,0.00014170131577446847,0.00011695229777979949],"K_m":[-68.338996798391491,64.11038666733063,22.3869448253238,-17.744689865875248],"X0":[123634.12371630527,-121368.09180347255,-19147.9711751568,13662.680175166746],"fit":94.729163248840948,"sysfit":[0.96402651300137721,0.85899033127274693],"cal_coeff_real":[0.4698147164772018,0.011916289555639059,0.000537207037620617,0.47633669086460073],"cal_coeff_imag":[0.86085332613035215,0.017407707971162562,0.0008840412297828527,0.83720679190687963],"QL_nom":4.576838700251596E+6,"Sigma_nom":[[2.6889279545117936E-5,-2.6098568803931148E-6],[-2.6098568803931148E-6,2.4874340752210356E-5]],"r_mean_nom":[0.0018328273258032984,-0.0026173323800243492],"MeasNoiseVar":[[0.0001,0],[0,0.0001]],"ProcessVar":[[0.0001,0,0,0,0,0],[0,0.0001,0,0,0,0],[0,0,0.0001,0,0,0],[0,0,0,0.0001,0,0],[0,0,0,0,0.0001,0],[0,0,0,0,0,0.0001]]}