{"Name":"XFEL.RF.A17.L3.M4.C3","tau_m":[0.00041560047321386449,0.00039835566602884197,7.0118508342879477E-5,0.00036093593817595684],"K_m":[377.6076075298123,-549.61342209177087,-1.5653947231449989,173.02212424938719],"X0":[-1.0231086798553604E+6,1.4084402608242345E+6,592.67867374079356,-389158.479257206],"fit":90.797869297732831,"sysfit":[0.99269599701925226,0.86558781582813282],"cal_coeff_real":[0.56986003301992916,0.0066102283829231221,0.0059677680382851433,0.59617720549192177],"cal_coeff_imag":[0.73780158656752215,0.0061130072379641243,0.010015421269167882,0.73554417710951725],"QL_nom":4.5435897959628794E+6,"Sigma_nom":[[2.5128249357192877E-5,-6.5773356451939749E-7],[-6.5773356451939749E-7,3.3558834032231705E-5]],"r_mean_nom":[-0.00065540017227206932,0.0033587175528316383],"MeasNoiseVar":[[0.0001,0],[0,0.0001]],"ProcessVar":[[0.0001,0,0,0,0,0],[0,0.0001,0,0,0,0],[0,0,0.0001,0,0,0],[0,0,0,0.0001,0,0],[0,0,0,0,0.0001,0],[0,0,0,0,0,0.0001]]}