{"Name":"XFEL.RF.A12.L3.M4.C7","tau_m":[0.00036834193489549636,0.00034225715650554068,8.8541322316761542E-5,0.00022290520499994196],"K_m":[24.280612867547191,-29.964561629823066,-1.6258075617256307,6.8298193231016953],"X0":[-141922.31735034037,159636.16365828493,1219.1591213717913,-20602.789200917297],"fit":95.44486447554354,"sysfit":[0.36325104859853907,0.99898346782761882],"cal_coeff_real":[-0.51496219930622744,0.022662154520768276,-0.0023412245631270084,0.95965891860661756],"cal_coeff_imag":[0.83264583207623311,-0.0058552104798797935,0.0039187243010516829,0.026408878361297624],"QL_nom":4.54592450298333E+6,"Sigma_nom":[[3.6947919560249571E-5,-8.9108060322909839E-6],[-8.9108060322909839E-6,2.065143035236645E-5]],"r_mean_nom":[0.0015815866190222318,-0.00036341256399241952],"MeasNoiseVar":[[0.0001,0],[0,0.0001]],"ProcessVar":[[0.0001,0,0,0,0,0],[0,0.0001,0,0,0,0],[0,0,0.0001,0,0,0],[0,0,0,0.0001,0,0],[0,0,0,0,0.0001,0],[0,0,0,0,0,0.0001]]}