{"Name":"XFEL.RF.A17.L3.M2.C5","tau_m":[0.00021111842022855618,0.0002389270645883852,0.00019566667364119119,0.00016153075321615303],"K_m":[20.799731971009397,-26.314753156611996,28.443555189575711,-23.700184233467748],"X0":[3.2466030893909978E+6,-941420.03317486087,-2.6416183892750875E+6,334186.52820393717],"fit":91.2643993185236,"sysfit":[0.99327240718027876,0.815420242911536]}