{"Name":"XFEL.RF.A12.L3.M3.C3","tau_m":[0.00027383809497151859,0.00021106982905587902,0.0002265939510011515,0.00029474465733604269],"K_m":[-25.490315962401851,-12.048970374466766,16.956340200811422,19.852572642075366],"X0":[3.77779994722027E+6,1.802334273660064E+6,-3.3206153255403568E+6,-2.2624876818983504E+6],"fit":95.533766741975441,"sysfit":[0.87643201094490364,0.98880439579577839],"cal_coeff_real":[-0.50758114570026991,-0.004044061800790655,-0.0051318671931210522,0.97102520015696658],"cal_coeff_imag":[0.81403199521073277,-0.0014967372012840523,0.0072114529157837823,0.014653691269609553],"QL_nom":4.487844378455285E+6,"Sigma_nom":[[3.9496521588632964E-5,2.2772228224301203E-6],[2.2772228224301203E-6,2.328002981612193E-5]],"r_mean_nom":[0.0032763057047901084,0.00049855706614841742],"MeasNoiseVar":[[0.0001,0],[0,0.0001]],"ProcessVar":[[0.0001,0,0,0,0,0],[0,0.0001,0,0,0,0],[0,0,0.0001,0,0,0],[0,0,0,0.0001,0,0],[0,0,0,0,0.0001,0],[0,0,0,0,0,0.0001]]}