{"Name":"XFEL.RF.A17.L3.M3.C7","tau_m":[0.00093675255785401852,0.00070552069591446544,5.8475970196661018E-5,0.00021867787382448095],"K_m":[0.39999999999999181,0.299999999999993,0.19999999999999721,0.099999999999997188],"X0":[1.0655805128396822E+7,-1.3446460522536876E+7,-1.6042587206003617E+6,4.6758774435991291E+6],"fit":8.4288014837520358,"sysfit":[NaN,NaN]}