{"Name":"XFEL.RF.A17.L3.M2.C7","tau_m":[0.00024092948240533733,0.00024443400997059078,0.00020675345293926436,0.00017411206763620892],"K_m":[-25.487510636432841,1.5530663555526631,51.231001374841732,-27.985867372282247],"X0":[1.7589436118819997E+7,-1.5592781188403647E+7,-2.508469274693823E+6,508620.35033129412],"fit":93.5729401111346,"sysfit":[0.9883388372939601,0.99581834466465224]}