{"Name":"XFEL.RF.A17.L3.M4.C7","tau_m":[0.00023090108013439743,0.00029332575518036615,0.00027178394973215061,0.00023194709015272706],"K_m":[-14.146756187816617,31.119638692971076,-36.720586270206077,19.128906981871214],"X0":[8.2469599885990351E+7,-4.1240743163417769E+6,8.4033125285395775E+6,-8.67527548713708E+7],"fit":93.766598725009288,"sysfit":[0.99366104332805849,0.99086356369145279]}