{"Name":"XFEL.RF.A17.L3.M3.C1","tau_m":[0.00014853549941186694,0.00031436031828319149,0.00028084718165691556,0.00024649353250495606],"K_m":[-21.845344877542459,249.8646917049542,-535.29225054942629,307.37730272956532],"X0":[5331.6534814906481,-209097.50053598671,375276.00215233624,-173645.38964304424],"fit":96.115523547725971,"sysfit":[0.98896764207526633,-1.6432426268869889],"cal_coeff_real":[0.64826540937260535,0.020649784001702493,0.0012389880018160457,0.64282361719485481],"cal_coeff_imag":[0.7289046972597335,0.023218460057521626,0.0013931098054487197,0.7076176905009286],"QL_nom":4.7443574182573557E+6,"Sigma_nom":[[1.5172004029578811E-5,-9.0995908991968318E-7],[-9.0995908991968318E-7,1.7535921920230363E-5]],"r_mean_nom":[0.0012313529674647247,0.0024216169560111723],"MeasNoiseVar":[[0.0001,0],[0,0.0001]],"ProcessVar":[[0.0001,0,0,0,0,0],[0,0.0001,0,0,0,0],[0,0,0.0001,0,0,0],[0,0,0,0.0001,0,0],[0,0,0,0,0.0001,0],[0,0,0,0,0,0.0001]]}