{"Name":"XFEL.RF.A12.L3.M4.C3","tau_m":[0.00057014957492602155,0.00053647436699027779,0.00012820859816111237,0.00011397962721451317],"K_m":[39.577202627039981,-41.321766791214763,16.513042655907952,-14.959327830534392],"X0":[-75985.027047242082,74212.140529918892,-3817.1664550095679,2575.2547120704739],"fit":97.7596863794124,"sysfit":[0.67782435742896041,0.99323286776386732],"cal_coeff_real":[-0.51182351593597575,0.021264375752587224,-0.0031217810929370709,0.95276390581490911],"cal_coeff_imag":[0.82574559390232838,-0.019618893595161582,0.0052413483816087895,0.04474596049040383],"QL_nom":4.5609895018082652E+6,"Sigma_nom":[[2.9007291896977287E-5,1.9449097243452417E-6],[1.9449097243452417E-6,2.2742831712806743E-5]],"r_mean_nom":[0.0028115653608247406,6.9026846273863879E-5],"MeasNoiseVar":[[0.0001,0],[0,0.0001]],"ProcessVar":[[0.0001,0,0,0,0,0],[0,0.0001,0,0,0,0],[0,0,0.0001,0,0,0],[0,0,0,0.0001,0,0],[0,0,0,0,0.0001,0],[0,0,0,0,0,0.0001]]}