{"Name":"XFEL.RF.A17.L3.M1.C5","tau_m":[0.00037896901156539626,0.0003383156180322178,0.00013940493625021793,0.00022733645991961649],"K_m":[62.18579253048518,-90.006965678241315,-10.835402816857524,38.332458040178572],"X0":[-119730.23098034598,139943.2855036259,1813.932070221467,-25730.833397721726],"fit":91.149845493227545,"sysfit":[0.99857239173398848,0.26477776551261956],"cal_coeff_real":[-0.23147603334084915,0.022070647716570323,-0.0036772592665956665,-0.23502305552834774],"cal_coeff_imag":[0.93001274324322925,0.0025480023298593535,0.015826067948147837,0.95326946767109233],"QL_nom":4.5246974986676285E+6,"Sigma_nom":[[1.7812285256154477E-5,1.0567786197790336E-6],[1.0567786197790336E-6,2.317979061725954E-5]],"r_mean_nom":[-0.00027945861585162545,0.0031993567237951132],"MeasNoiseVar":[[0.0001,0],[0,0.0001]],"ProcessVar":[[0.0001,0,0,0,0,0],[0,0.0001,0,0,0,0],[0,0,0.0001,0,0,0],[0,0,0,0.0001,0,0],[0,0,0,0,0.0001,0],[0,0,0,0,0,0.0001]]}