{"Name":"XFEL.RF.A17.L3.M2.C4","tau_m":[0.00040626283066885418,0.000367467419453703,0.0001069217475155998,0.000272153840648646],"K_m":[58.039818846749235,-82.3919238629838,-2.78664186716983,26.730398676854104],"X0":[-71348.55079381002,88842.3433717717,936.14878815122961,-19485.898704662057],"fit":72.880164735834668,"sysfit":[0.99954137799290455,0.88411825357832308],"cal_coeff_real":[-0.19084895852543329,-0.0047972552520753851,-0.0051320527272527726,-0.19366131182874516],"cal_coeff_imag":[0.93495495009293783,-0.0016054485012442338,0.011745688406802821,0.95303013968743122],"QL_nom":4.7333791271394314E+6,"Sigma_nom":[[0.00013689547911111211,5.7020802374932392E-5],[5.7020802374932392E-5,3.5536625661281884E-5]],"r_mean_nom":[-0.0004957773490973182,0.00078692472885402373],"MeasNoiseVar":[[0.0001,0],[0,0.0001]],"ProcessVar":[[0.0001,0,0,0,0,0],[0,0.0001,0,0,0,0],[0,0,0.0001,0,0,0],[0,0,0,0.0001,0,0],[0,0,0,0,0.0001,0],[0,0,0,0,0,0.0001]]}