{"Name":"XFEL.RF.A17.L3.M4.C3","tau_m":[0.00026322681915472981,0.00028022017984478411,0.00010536786431030892,0.00031494109910027606],"K_m":[298.49984896712027,-427.44852744216837,-4.8630593515286611,133.68822009995836],"X0":[-873969.38991302822,1.3515588900880017E+6,4951.4031649093331,-485466.53368756879],"fit":94.896564916885154,"sysfit":[0.97339378139423383,0.85549263814879684],"cal_coeff_real":[0.46872164607208033,0.00148186143867252,0.0012516594426727656,0.47922254339337433],"cal_coeff_imag":[0.85381220864643015,-0.0076707530128234617,0.0026197296257964736,0.85842707393653261],"QL_nom":4.6215179012186229E+6,"Sigma_nom":[[2.5475698438602431E-5,-3.9200040190051127E-6],[-3.9200040190051127E-6,2.7923246603910784E-5]],"r_mean_nom":[0.0018634806035088885,-0.0026316473987846711],"MeasNoiseVar":[[0.0001,0],[0,0.0001]],"ProcessVar":[[0.0001,0,0,0,0,0],[0,0.0001,0,0,0,0],[0,0,0.0001,0,0,0],[0,0,0,0.0001,0,0],[0,0,0,0,0.0001,0],[0,0,0,0,0,0.0001]]}