{"Name":"XFEL.RF.A12.L3.M2.C5","tau_m":[0.00023381062073180373,0.00022881722244764055,6.1131337916522151E-5,0.00020130617499094467],"K_m":[-622.49885934456029,729.71112118873884,-0.11209442521790874,-107.70436725289507],"X0":[-3.2656428172069849E+6,3.7963328909822442E+6,3228.6365731595138,-536511.83074682334],"fit":95.18683303766818,"sysfit":[0.26133590348410085,0.99765455935735348],"cal_coeff_real":[0.96822600252054292,0.0047709233558823434,0.0016739857540033032,0.96386291604708263],"cal_coeff_imag":[0.035271442040118207,0.0051428403673196062,9.8084199811006274E-5,0.015993016148843256],"QL_nom":4.5160472404272249E+6,"Sigma_nom":[[3.580020354306061E-5,1.5364358473918458E-7],[1.5364358473918458E-7,2.2082922213696484E-5]],"r_mean_nom":[0.0032874577402811486,-0.000251641372498478],"MeasNoiseVar":[[0.0001,0],[0,0.0001]],"ProcessVar":[[0.0001,0,0,0,0,0],[0,0.0001,0,0,0,0],[0,0,0.0001,0,0,0],[0,0,0,0.0001,0,0],[0,0,0,0,0.0001,0],[0,0,0,0,0,0.0001]]}