{"Name":"XFEL.RF.A17.L3.M3.C4","tau_m":[0.00047109812885557083,0.00042665168356188017,0.00010238529224826257,0.00030392982867855149],"K_m":[117.35347848966903,-154.21175525708654,-3.3256413727080409,40.175138563418756],"X0":[-85056.936875104657,99341.262196162672,781.35974709762559,-17087.361386895238],"fit":84.75841098010379,"sysfit":[0.99916620453403748,0.11906465909310948],"cal_coeff_real":[0.65085966195861911,0.00594777662414221,0.0071425409364538651,0.66235456681630056],"cal_coeff_imag":[0.69177044361266227,0.00803561239845965,0.008071931988384946,0.69892206420849856],"QL_nom":4.7082074701139079E+6,"Sigma_nom":[[1.4568511092424132E-5,6.8073273486766175E-7],[6.8073273486766175E-7,1.3955953080470329E-5]],"r_mean_nom":[-0.0001105753015187982,0.00096088802471132339],"MeasNoiseVar":[[0.0001,0],[0,0.0001]],"ProcessVar":[[0.0001,0,0,0,0,0],[0,0.0001,0,0,0,0],[0,0,0.0001,0,0,0],[0,0,0,0.0001,0,0],[0,0,0,0,0.0001,0],[0,0,0,0,0,0.0001]]}