{"Name":"XFEL.RF.A17.L3.M1.C1","tau_m":[0.00030682355142512855,0.00031460063270672122,0.00015095755303352624,0.00020926776974606128],"K_m":[-557.69606955509073,509.99750674237509,-23.636275057875633,71.550566573118317],"X0":[1.1668338490409751E+6,-1.0962070346037233E+6,19723.314755596748,-93638.65012809202],"fit":95.445695654255928,"sysfit":[0.95096984711689359,0.89379150250089512],"cal_coeff_real":[0.97760189914764106,0.016170639580091743,0.0077639695532629562,0.97196908455465425],"cal_coeff_imag":[0.030657848946292632,-0.016726335594069885,0.00033352181176911485,0.030721351727682613],"QL_nom":4.5914893643678594E+6,"Sigma_nom":[[2.2272418399435347E-5,-1.489615684629099E-6],[-1.489615684629099E-6,2.1699270657755282E-5]],"r_mean_nom":[0.0017746101489106694,-0.0018345265431756433],"MeasNoiseVar":[[0.0001,0],[0,0.0001]],"ProcessVar":[[0.0001,0,0,0,0,0],[0,0.0001,0,0,0,0],[0,0,0.0001,0,0,0],[0,0,0,0.0001,0,0],[0,0,0,0,0.0001,0],[0,0,0,0,0,0.0001]]}