{"Name":"XFEL.RF.A17.L3.M3.C5","tau_m":[0.0010810180151206554,0.001078406877193382,2.8368812401741104E-5,0.0010773180153133266],"K_m":[307.66331957658633,-253.71822147561045,-0.52126942698765788,-54.742679903999139],"X0":[-3.7071167035758507E+8,1.2554274444875839E+9,530.73399379278,-8.8471721498698485E+8],"fit":85.2065056528594,"sysfit":[0.9836964255317312,0.9925656734979057],"cal_coeff_real":[0.47610832662470309,-0.00065524189475056757,0.0012700473241547823,0.47907767457170991],"cal_coeff_imag":[0.86519783098895719,-0.020210639360796132,0.00447616195961386,0.88882442659164385],"QL_nom":4.6547282908840477E+6,"Sigma_nom":[[0.00020925753848040728,-3.6388799759847219E-5],[-3.6388799759847219E-5,1.7730902524160395E-5]],"r_mean_nom":[-0.00044289130046478272,-0.00046116071675319055],"MeasNoiseVar":[[0.0001,0],[0,0.0001]],"ProcessVar":[[0.0001,0,0,0,0,0],[0,0.0001,0,0,0,0],[0,0,0.0001,0,0,0],[0,0,0,0.0001,0,0],[0,0,0,0,0.0001,0],[0,0,0,0,0,0.0001]]}