{"Name":"XFEL.RF.A17.L3.M1.C7","tau_m":[0.00020312203580207205,0.00020732323033419592,0.00017988714353767602,0.00015612910320159939],"K_m":[-27.33763903945627,-15.57156005949992,89.492111439508776,-46.989635132197449],"X0":[1.8436744446723983E+7,-1.4923481777388945E+7,-4.4267098168524532E+6,910065.985237827],"fit":93.50673565474375,"sysfit":[0.98978315330765132,0.65312763000919416]}