{"Name":"XFEL.RF.A17.L3.M1.C3","tau_m":[0.0044607949608019577,0.0050255503678905914,0.0047891385755796032,0.0043393399420526167],"K_m":[-31.908510176898819,59.841481103141483,-47.262531032479224,21.237956148397888],"X0":[-6.2331808709463539E+9,-1.9138942006471958E+9,4.5895235231275043E+9,3.5575479349541941E+9],"fit":94.187907280535455,"sysfit":[0.96610509345977225,0.82950831476215059]}