{"Name":"XFEL.RF.A17.L3.M3.C6","tau_m":[0.00037373082613077866,0.00033836828876869697,0.00014547024297685419,0.00024179676464122202],"K_m":[145.98670287958711,-202.07410956009824,-13.514129709788707,69.757750638566279],"X0":[-89002.668894662129,107421.90309152222,1330.9044933389555,-21794.744366664308],"fit":78.557271342869342,"sysfit":[0.99581052470918663,0.81524745915071117],"cal_coeff_real":[0.67788053345429533,0.01372617591504945,0.012124842131580233,0.66920005780203373],"cal_coeff_imag":[0.68512721135892307,-0.024125730349178177,0.012247263953175207,0.71728109459778255],"QL_nom":4.7127732523726886E+6,"Sigma_nom":[[3.1879879480465645E-5,9.0384326791183358E-6],[9.0384326791183358E-6,1.6811400363008746E-5]],"r_mean_nom":[-0.00072560021585705507,0.0011296069622076862],"MeasNoiseVar":[[0.0001,0],[0,0.0001]],"ProcessVar":[[0.0001,0,0,0,0,0],[0,0.0001,0,0,0,0],[0,0,0.0001,0,0,0],[0,0,0,0.0001,0,0],[0,0,0,0,0.0001,0],[0,0,0,0,0,0.0001]]}