{"Name":"XFEL.RF.A12.L3.M4.C2","tau_m":[0.00024756599328770604,0.00023658026741999448,0.00014153821937527603,0.00017758739946303965],"K_m":[75.853391417510167,-95.551178697462689,-12.580244099789212,31.931718797303013],"X0":[-514409.63698838267,619191.96007342427,42965.72340292397,-148663.47694995688],"fit":91.959951481958356,"sysfit":[0.65124660961191871,0.99831238103186881],"cal_coeff_real":[-0.51651539384344469,-0.0057750394164474946,-0.0017865885739971345,0.98524597106994583],"cal_coeff_imag":[0.8422941488779061,-0.0091365206147846368,0.0015364799842331892,0.033705089726490937],"QL_nom":4.7450218104630383E+6,"Sigma_nom":[[0.0001251851663406695,-5.5282889932725186E-5],[-5.5282889932725186E-5,3.8886265044477563E-5]],"r_mean_nom":[0.0010631246395733749,-0.00016712013464051107],"MeasNoiseVar":[[0.0001,0],[0,0.0001]],"ProcessVar":[[0.0001,0,0,0,0,0],[0,0.0001,0,0,0,0],[0,0,0.0001,0,0,0],[0,0,0,0.0001,0,0],[0,0,0,0,0.0001,0],[0,0,0,0,0,0.0001]]}