{"Name":"XFEL.RF.A17.L3.M4.C6","tau_m":[0.32029024380542931,0.33926050952706321,8.6540107686680639E-6,0.35034322086049319],"K_m":[-153.92446365953967,-26.431604809368938,-0.52254666984296139,-180.16526503375505],"X0":[-2.6499048417238655E+10,7.6109056102759186E+10,331.6502491540017,-4.9610011244292274E+10],"fit":94.83675561609877,"sysfit":[0.9974689849032814,0.98885648114274172],"cal_coeff_real":[0.47147593289721812,0.0013628408830335932,0.0013689410568349832,0.48268027338242658],"cal_coeff_imag":[0.85868161383157293,-0.01189590803087321,0.0030086962837673628,0.86990510684136557],"QL_nom":4.6054976094698412E+6,"Sigma_nom":[[2.4644018762625422E-5,-9.4148457573898993E-7],[-9.4148457573898993E-7,2.3293822629770884E-5]],"r_mean_nom":[-6.3069287784650089E-5,-0.00023283953141701484],"MeasNoiseVar":[[0.0001,0],[0,0.0001]],"ProcessVar":[[0.0001,0,0,0,0,0],[0,0.0001,0,0,0,0],[0,0,0.0001,0,0,0],[0,0,0,0.0001,0,0],[0,0,0,0,0.0001,0],[0,0,0,0,0,0.0001]]}