{"Name":"XFEL.RF.A17.L3.M1.C4","tau_m":[0.0004810013155864979,0.0004652622685449315,1.3524325550192117E-7,0.00044899736614617959],"K_m":[83.771779775612586,-160.5716160030085,-0.69621034566201911,76.40293490337146],"X0":[-4.1922849790955083E+6,7.8950625404145336E+6,-1175.0796803922792,-3.7068711565640629E+6],"fit":93.067200107298731,"sysfit":[-6.3900717153209223,-1.034529639406204],"cal_coeff_real":[-0.28216479154937896,0.011711413344062773,-0.0030015269255767815,-0.26500662755606608],"cal_coeff_imag":[0.8684173472134723,0.024208646632697357,0.01024629271064288,0.88897764795562373],"QL_nom":4.5625623842172166E+6,"Sigma_nom":[[0.0013725959803882817,0.00073904838021137591],[0.00073904838021137591,0.021001927052645909]],"r_mean_nom":[-0.018690821639847657,0.25061007641563354],"MeasNoiseVar":[[0.0001,0],[0,0.0001]],"ProcessVar":[[0.0001,0,0,0,0,0],[0,0.0001,0,0,0,0],[0,0,0.0001,0,0,0],[0,0,0,0.0001,0,0],[0,0,0,0,0.0001,0],[0,0,0,0,0,0.0001]]}