{"Name":"XFEL.RF.A17.L3.M3.C3","tau_m":[0.0011648787143527443,0.0011459447532095907,1.6505218301305E-5,1.6690105104059561E-5],"K_m":[105.947568406778,-105.65860159169225,-64.676135617409216,64.494023669011668],"X0":[-48780.222869729172,45516.784381586527,-85217.6976648737,85592.896461110009],"fit":88.15570136733588,"sysfit":[0.98746594799100273,0.49485752271219907],"cal_coeff_real":[0.64514475186012632,0.0086536817373266666,0.00738671021076491,0.638889666073536],"cal_coeff_imag":[0.71280872373445925,0.0047458726734947582,0.0087803871603016354,0.71174101930472278],"QL_nom":4.612870069957668E+6,"Sigma_nom":[[1.9759088394538395E-5,-1.7182378042302645E-6],[-1.7182378042302645E-6,3.637251680846863E-5]],"r_mean_nom":[-0.00070868837213019728,0.0042198304846932681],"MeasNoiseVar":[[0.0001,0],[0,0.0001]],"ProcessVar":[[0.0001,0,0,0,0,0],[0,0.0001,0,0,0,0],[0,0,0.0001,0,0,0],[0,0,0,0.0001,0,0],[0,0,0,0,0.0001,0],[0,0,0,0,0,0.0001]]}