{"Name":"XFEL.RF.A17.L3.M1.C1","tau_m":[0.0003328011500644527,0.00036487180741283072,0.00032647734872759106,0.00028159775574199114],"K_m":[-22.515893590609892,37.479517987461165,-32.664145296756196,17.106157285204631],"X0":[4.7075918227695577E+7,-5.6710565343951937E+6,-4.3299972348560259E+7,1.8915166597367525E+6],"fit":92.84881389772795,"sysfit":[0.99499837297683713,0.097513920321315561]}