{"Name":"XFEL.RF.A17.L3.M2.C5","tau_m":[0.0005306596490688173,0.00048372144927006858,9.2456061245092769E-7,3.8753844285095124E-5],"K_m":[-17.59539647641213,17.519400162316771,1.5769751131410201,-2.4989095309301788],"X0":[-21380.529097413153,19189.377767823924,705.24599519301194,-472.65818140287496],"fit":83.500759853292067,"sysfit":[-3.0537158601910015,-1.8246833764160431],"cal_coeff_real":[-0.14220627541076095,0.00915748947061194,-0.099395884461482634,-0.25551118111834825],"cal_coeff_imag":[0.53197648406304288,0.0076086275970570659,0.38226551081495719,0.90191732953502668],"QL_nom":4.6639696204379825E+6,"Sigma_nom":[[0.00011033693977340014,-5.3990947566156E-5],[-5.3990947566156E-5,0.0002040597223732113]],"r_mean_nom":[-0.0064222644807554819,-0.031949263481906888],"MeasNoiseVar":[[0.0001,0],[0,0.0001]],"ProcessVar":[[0.0001,0,0,0,0,0],[0,0.0001,0,0,0,0],[0,0,0.0001,0,0,0],[0,0,0,0.0001,0,0],[0,0,0,0,0.0001,0],[0,0,0,0,0,0.0001]]}