{"Name":"XFEL.RF.A12.L3.M1.C1","tau_m":[0.00023689186656788039,0.00020078653113781548,0.00021103362347895109,0.00022163555504672137],"K_m":[-10.711265464262294,-47.93665487013913,61.817520362990209,-3.5429677113494846],"X0":[-8.5948768750803974E+6,1.16265854872363E+7,-3.4956815684488773E+7,3.1921546754976593E+7],"fit":96.238458177765352,"sysfit":[-0.040913305063074112,0.99779970155022457],"cal_coeff_real":[0.95367007066296827,0.018622974111362461,0.0071686560001820382,0.94191920796473017],"cal_coeff_imag":[0.040372935671551528,-0.016881243957218205,0.00019759684611327709,0.032264788110552466],"QL_nom":4.4589898640611786E+6,"Sigma_nom":[[3.6205725884114233E-5,-3.5827862480622386E-6],[-3.5827862480622386E-6,2.5996854096778325E-5]],"r_mean_nom":[0.0033299403330782351,-0.00045651114622130931],"MeasNoiseVar":[[0.0001,0],[0,0.0001]],"ProcessVar":[[0.0001,0,0,0,0,0],[0,0.0001,0,0,0,0],[0,0,0.0001,0,0,0],[0,0,0,0.0001,0,0],[0,0,0,0,0.0001,0],[0,0,0,0,0,0.0001]]}