{"Name":"XFEL.RF.A17.L3.M4.C1","tau_m":[0.00033859887728871738,0.00032547386311796437,6.30284136209085E-5,0.00030041988736964024],"K_m":[187.90539787082346,-291.8396109955562,-1.475234139414469,104.8873874465699],"X0":[-1.3448114877657637E+6,1.959655438133542E+6,749.23214130940357,-617921.14479124779],"fit":87.833785224576474,"sysfit":[0.99789479725728247,0.14014491793136807],"cal_coeff_real":[0.67434138223537377,0.0032665022640580967,0.0084579258329848823,0.69409032134726967],"cal_coeff_imag":[0.70967764563613922,0.0051703306111173207,0.00866496956458873,0.71642669695469152],"QL_nom":4.6461514442682257E+6,"Sigma_nom":[[1.7952795197362839E-5,-5.7359012399917749E-7],[-5.7359012399917749E-7,2.6806139624424385E-5]],"r_mean_nom":[-0.0003317232762394196,0.0029758755761200586],"MeasNoiseVar":[[0.0001,0],[0,0.0001]],"ProcessVar":[[0.0001,0,0,0,0,0],[0,0.0001,0,0,0,0],[0,0,0.0001,0,0,0],[0,0,0,0.0001,0,0],[0,0,0,0,0.0001,0],[0,0,0,0,0,0.0001]]}