{"Name":"XFEL.RF.A17.L3.M1.C5","tau_m":[0.00016730491447082546,0.00022889895141615533,0.00018921827405539755,0.00016170943195002575],"K_m":[-4.93005018017812,-35.260993629839426,82.635191642275743,-42.962920842417468],"X0":[-5.9310017335293749E+6,-520656.71317089855,2.3878159586546505E+6,4.0602627404590766E+6],"fit":94.217464057201227,"sysfit":[0.99567136860095939,-0.12607254142222968]}