{"Name":"XFEL.RF.A17.L3.M3.C2","tau_m":[0.00098615902338110555,0.00092233600844080714,7.2714770270484151E-6,0.000707290534518534],"K_m":[272.18497186929153,-325.497335359966,-0.69001992710823656,54.8008012178478],"X0":[-210162.68500946072,238462.71751074513,425.77463363221273,-32024.285284405029],"fit":91.914752984469231,"sysfit":[0.97183606570858461,0.19257493534152947],"cal_coeff_real":[0.60708200452470451,0.022379789402899763,0.0049490845785651891,0.60747183090386514],"cal_coeff_imag":[0.74563357201258673,0.037817979800598152,0.0060542047422882323,0.70613398128175331],"QL_nom":4.5372256353651956E+6,"Sigma_nom":[[2.2357293989635512E-5,-3.4349092647648048E-6],[-3.4349092647648048E-6,4.2114911048044206E-5]],"r_mean_nom":[-7.6819205369333489E-5,0.005456300742252374],"MeasNoiseVar":[[0.0001,0],[0,0.0001]],"ProcessVar":[[0.0001,0,0,0,0,0],[0,0.0001,0,0,0,0],[0,0,0.0001,0,0,0],[0,0,0,0.0001,0,0],[0,0,0,0,0.0001,0],[0,0,0,0,0,0.0001]]}