{"Name":"XFEL.RF.A17.L3.M2.C2","tau_m":[0.00061842323694219449,0.00042611404049793758,2.634884235280665E-5,0.00042078342150992081],"K_m":[20.925074770652994,-568.64444588814911,-0.77353020229269664,548.64547174868369],"X0":[-23886.206243161105,435154.50391989073,669.6484006556982,-413310.85558395041],"fit":90.578389081247835,"sysfit":[0.947175153089057,0.96753572505194807],"cal_coeff_real":[0.98725177038347811,-0.002605332529379088,0.0024052385746700013,0.99079061411638614],"cal_coeff_imag":[0.02338448281862986,0.0021780200080174427,0.00073697169202564068,0.022220817714349108],"QL_nom":4.6892261668501208E+6,"Sigma_nom":[[0.00021064941911151311,-3.7414048914372964E-5],[-3.7414048914372964E-5,2.4130209993836052E-5]],"r_mean_nom":[0.00056816715276427851,-0.0012477331965841879],"MeasNoiseVar":[[0.0001,0],[0,0.0001]],"ProcessVar":[[0.0001,0,0,0,0,0],[0,0.0001,0,0,0,0],[0,0,0.0001,0,0,0],[0,0,0,0.0001,0,0],[0,0,0,0,0.0001,0],[0,0,0,0,0,0.0001]]}