{"Name":"XFEL.RF.A12.L3.M2.C8","tau_m":[0.00042703589196032074,0.00041610589962239595,6.758624730019019E-6,0.0003935525396289828],"K_m":[189.09689621384911,-252.17016575546791,0.52205556705005185,62.719529451124295],"X0":[-13123.104583335153,15892.547928461892,-392.01907860537932,-4242.9254591919462],"fit":85.915621632113826,"sysfit":[0.9943002333458042,0.99663311209434358],"cal_coeff_real":[0.98120857804430728,-0.0079188460195986961,0.0060327175076804428,0.99746479060076965],"cal_coeff_imag":[0.030602038986608238,-0.039155732679798168,0.00018194056198455924,0.057390913646657452],"QL_nom":4.5689874172392124E+6,"Sigma_nom":[[0.00012742893072894385,-6.052414573882304E-5],[-6.052414573882304E-5,4.3861586886324436E-5]],"r_mean_nom":[-0.00030937719892737219,-6.4380711985099218E-5],"MeasNoiseVar":[[0.0001,0],[0,0.0001]],"ProcessVar":[[0.0001,0,0,0,0,0],[0,0.0001,0,0,0,0],[0,0,0.0001,0,0,0],[0,0,0,0.0001,0,0],[0,0,0,0,0.0001,0],[0,0,0,0,0,0.0001]]}