{"Name":"XFEL.RF.A17.L3.M3.C1","tau_m":[0.00026363062173028509,0.0002578843687725013,9.2035623479039781E-5,0.00026088976523089085],"K_m":[-23.15997958290928,31.326794669497993,-2.1042767415759411,-6.4229369965969809],"X0":[-4.1702925248694472E+7,-3.7697798075471543E+7,6018.944777143608,7.9393433906900153E+7],"fit":90.191083875297139,"sysfit":[0.829058276402218,0.93870286077616727],"cal_coeff_real":[0.47598475071926383,0.026016069954590555,0.0008346190287841711,0.45744305929268503],"cal_coeff_imag":[0.867446188943528,0.028786078284543319,0.0015280383993279882,0.83892674343787454],"QL_nom":4.7492475921886386E+6,"Sigma_nom":[[0.00018946728455502632,-2.5458738677994151E-5],[-2.5458738677994151E-5,1.9872532163084086E-5]],"r_mean_nom":[0.00061332607897622517,-0.0023297392298142049],"MeasNoiseVar":[[0.0001,0],[0,0.0001]],"ProcessVar":[[0.0001,0,0,0,0,0],[0,0.0001,0,0,0,0],[0,0,0.0001,0,0,0],[0,0,0,0.0001,0,0],[0,0,0,0,0.0001,0],[0,0,0,0,0,0.0001]]}