{"Name":"XFEL.RF.A17.L3.M2.C1","tau_m":[0.00030978727261616993,0.00034697239547963469,0.00030486357257879568,0.00025703033338267053],"K_m":[-8.8190896042083136,17.103753415119268,-13.018956000054954,4.2039206584939528],"X0":[2.910915521025195E+7,-2.4568729668418993E+6,-2.7554857926893804E+7,900071.94216690108],"fit":89.0239050847636,"sysfit":[0.99653920184896538,0.90707172598247887]}