{"Name":"XFEL.RF.A17.L3.M3.C8","tau_m":[0.00029613467659411063,0.00029935757511572,7.1185236635140618E-5,0.00032389058141120213],"K_m":[-197.20714285694928,240.96424906921092,-1.2281539082901269,-42.924543383083282],"X0":[463617.56076698832,-433366.44557413389,-2220.228374001068,-30602.2457653386],"fit":87.333066689642251,"sysfit":[0.96973675082826671,0.89604063525204181],"cal_coeff_real":[0.47242495830864523,0.00017003157341013929,0.00091842998303372854,0.47803832872442609],"cal_coeff_imag":[0.86318760487212254,-0.003207970397804905,0.0020229520854967561,0.86389741774102913],"QL_nom":4.6601658618611908E+6,"Sigma_nom":[[3.3541497083093826E-5,-1.3266913115043184E-5],[-1.3266913115043184E-5,3.3076178116539591E-5]],"r_mean_nom":[0.00086374153230587257,-0.0021358851905287995],"MeasNoiseVar":[[0.0001,0],[0,0.0001]],"ProcessVar":[[0.0001,0,0,0,0,0],[0,0.0001,0,0,0,0],[0,0,0.0001,0,0,0],[0,0,0,0.0001,0,0],[0,0,0,0,0.0001,0],[0,0,0,0,0,0.0001]]}