{"Name":"XFEL.RF.A12.L3.M3.C5","tau_m":[0.00026242801475982145,0.00025698879167204139,6.893201812393395E-5,0.00026593515332727359],"K_m":[97.495337543170649,-16.369420461469321,-1.2764503652405044,-80.4488338634442],"X0":[3.7644361825777933E+7,-1.4533810727871709E+7,2746.4705596726367,-2.3115959850363646E+7],"fit":96.895710234789718,"sysfit":[0.614343665813239,0.98442180709214],"cal_coeff_real":[-0.51375607876208274,0.032015217162213054,-0.0035883342122809345,0.93575737193302866],"cal_coeff_imag":[0.81455779748140167,-0.010651111213071869,0.0055666903459340921,0.028866375664790788],"QL_nom":4.5116713605953027E+6,"Sigma_nom":[[3.6175684748928991E-5,2.0260451258393909E-6],[2.0260451258393909E-6,2.6538996650087633E-5]],"r_mean_nom":[0.0037579321636216647,-4.998928100059495E-5],"MeasNoiseVar":[[0.0001,0],[0,0.0001]],"ProcessVar":[[0.0001,0,0,0,0,0],[0,0.0001,0,0,0,0],[0,0,0.0001,0,0,0],[0,0,0,0.0001,0,0],[0,0,0,0,0.0001,0],[0,0,0,0,0,0.0001]]}