{"Name":"XFEL.RF.A17.L3.M4.C3","tau_m":[0.00020652258004041517,0.00021163909138599936,0.0001863828703941741,0.000163150133156197],"K_m":[-30.7489912228691,-44.352620392102736,144.68408137046163,-70.22038232942856],"X0":[1.7291761371849995E+7,-1.2965801310730089E+7,-5.3356057316393191E+6,1.0063078909379669E+6],"fit":94.312359029707537,"sysfit":[0.98614608019439665,0.85276559127130613]}