{"Name":"XFEL.RF.A17.L3.M2.C8","tau_m":[0.00045100218085061605,0.00039524512940722041,2.6507242031222686E-5,0.00040663276858943209],"K_m":[149.26129593285179,514.908643747908,-0.93151289738007126,-663.33309660169311],"X0":[-516131.17380025261,-1.7032368967912965E+6,505.49051486394131,2.2158294710387154E+6],"fit":95.331570123765829,"sysfit":[0.90883300905560549,0.9456090785056892],"cal_coeff_real":[0.98038472227368711,-0.0016214752926216472,0.0030495382997293525,0.98171022450431134],"cal_coeff_imag":[0.028637650169507867,-0.021367023287645111,0.00014832754883111851,0.04752094544604564],"QL_nom":4.6198685981349051E+6,"Sigma_nom":[[2.6916387592371661E-5,-3.5337545371322452E-6],[-3.5337545371322452E-6,2.2837122319149704E-5]],"r_mean_nom":[0.0020835600241368387,-0.0017033189534320162],"MeasNoiseVar":[[0.0001,0],[0,0.0001]],"ProcessVar":[[0.0001,0,0,0,0,0],[0,0.0001,0,0,0,0],[0,0,0.0001,0,0,0],[0,0,0,0.0001,0,0],[0,0,0,0,0.0001,0],[0,0,0,0,0,0.0001]]}