{"Name":"XFEL.RF.A17.L3.M3.C6","tau_m":[0.0012392112080120219,0.0013229535427634294,2.9830884274061497E-5,0.0012923765519369985],"K_m":[-26.015395090429465,12.660257044950727,-0.45657859991925742,13.472372217029042],"X0":[48781.80982038239,18138.332371620942,563.814373434393,-68477.5763504495],"fit":86.11705801730777,"sysfit":[0.99021872055955906,0.99350792860574511],"cal_coeff_real":[0.47553288816231626,0.0001444704203043194,0.0012566051187594971,0.47335908911884272],"cal_coeff_imag":[0.86348915381427471,-0.018103246046019022,0.0041524963087336015,0.882933567634257],"QL_nom":4.6505439696553107E+6,"Sigma_nom":[[0.00019009493643304306,-3.4018258309567555E-5],[-3.4018258309567555E-5,1.8278181630613866E-5]],"r_mean_nom":[-0.00017943189753316969,-0.00049579175740293148],"MeasNoiseVar":[[0.0001,0],[0,0.0001]],"ProcessVar":[[0.0001,0,0,0,0,0],[0,0.0001,0,0,0,0],[0,0,0.0001,0,0,0],[0,0,0,0.0001,0,0],[0,0,0,0,0.0001,0],[0,0,0,0,0,0.0001]]}