{"Name":"XFEL.RF.A17.L3.M2.C8","tau_m":[0.0003057705946503728,0.00030507769927518551,5.8790289314389324E-5,0.00022598248811967424],"K_m":[352.14899154301395,-355.52946505242363,-1.538291303952352,4.4506379664550657],"X0":[-1.6569378767362665E+7,1.6676934731320538E+7,1743.7497070396269,-112852.25082506952],"fit":89.764224556265077,"sysfit":[0.995129670747298,0.29619856345204643],"cal_coeff_real":[-0.24705855163003593,0.017222358398849322,-0.0034775535153316528,-0.251670067265557],"cal_coeff_imag":[0.86304090826195923,0.0059297095080976569,0.013345306503874036,0.87697946025441342],"QL_nom":4.53758212643513E+6,"Sigma_nom":[[2.1152317383130621E-5,1.7930829719808383E-6],[1.7930829719808383E-6,4.2435796743629178E-5]],"r_mean_nom":[-0.00078069591856701941,0.00433741438696264],"MeasNoiseVar":[[0.0001,0],[0,0.0001]],"ProcessVar":[[0.0001,0,0,0,0,0],[0,0.0001,0,0,0,0],[0,0,0.0001,0,0,0],[0,0,0,0.0001,0,0],[0,0,0,0,0.0001,0],[0,0,0,0,0,0.0001]]}