{"Name":"XFEL.RF.A17.L3.M2.C3","tau_m":[0.0013554015984109441,0.0013573009574185909,2.0422359226131634E-5,0.0014665311387263736],"K_m":[-50.024729235726689,39.748951617732764,-0.53643415831673569,9.54568308564374],"X0":[-191495.07622866641,218281.95332559303,971.33712646948482,-27983.513304872202],"fit":82.687712085938685,"sysfit":[0.97804610694521144,0.99501951284702506],"cal_coeff_real":[0.98818284297423109,-0.001158296157905024,0.0022727059727113345,0.9884078754394936],"cal_coeff_imag":[0.026113725733171882,0.0082645214126500083,0.00029445297841671511,0.026521867749983583],"QL_nom":4.6639533776543718E+6,"Sigma_nom":[[0.00020703812285482819,-3.4190353950147372E-5],[-3.4190353950147372E-5,1.657316783884582E-5]],"r_mean_nom":[-0.00016562648160183875,-0.00047499076855601386],"MeasNoiseVar":[[0.0001,0],[0,0.0001]],"ProcessVar":[[0.0001,0,0,0,0,0],[0,0.0001,0,0,0,0],[0,0,0.0001,0,0,0],[0,0,0,0.0001,0,0],[0,0,0,0,0.0001,0],[0,0,0,0,0,0.0001]]}