{"Name":"XFEL.RF.A17.L3.M3.C1","tau_m":[0.00017619670340336284,0.00025558189426049953,0.00022859934893960782,0.00019637512290306784],"K_m":[-216.72294480481619,172.63917222014902,-443.97788061299906,487.84510474301572],"X0":[540299.48816389986,-730079.79592517228,1.6162826455215644E+6,-1.4284348373435824E+6],"fit":89.33706248741224,"sysfit":[0.99480645093970688,0.6071601389507717]}