{"Name":"XFEL.RF.A17.L3.M1.C6","tau_m":[0.00036132540728721677,0.00031877119767940689,0.00019006679747039069,0.00018437981875797858],"K_m":[78.877234111264727,-119.03665295799711,445.65763903484793,-405.88796066995167],"X0":[-100053.39001757852,123627.17202450408,-184510.71939615882,158284.50130458645],"fit":92.311842178063429,"sysfit":[0.99602268723653919,0.3298655915868639]}