{"Name":"XFEL.RF.A17.L3.M4.C5","tau_m":[0.00019650711770917062,0.00021521792206194827,0.00018717023072504363,0.00016239772338019453],"K_m":[57.008981359655543,-77.0811119235029,78.1064625282874,-58.790324204662831],"X0":[1.2005465500664992E+7,-3.1152678215733119E+6,-1.0004087162148356E+7,1.1102884581339294E+6],"fit":97.494880541324065,"sysfit":[0.97047609423138426,0.54732967791395959],"cal_coeff_real":[0.60089470774383513,0.0030346685668099405,3.0346691386307313E-5,0.625952627951909],"cal_coeff_imag":[0.75712511866323817,0.003823671217029347,3.8236763649093977E-5,0.75500267605663185],"QL_nom":4.5404076019482873E+6,"Sigma_nom":[[2.2787110185808815E-5,3.8567371429534763E-6],[3.8567371429534763E-6,4.7385170853119759E-5]],"r_mean_nom":[-0.00018066857192236885,0.00677511893853963],"MeasNoiseVar":[[0.0001,0],[0,0.0001]],"ProcessVar":[[0.0001,0,0,0,0,0],[0,0.0001,0,0,0,0],[0,0,0.0001,0,0,0],[0,0,0,0.0001,0,0],[0,0,0,0,0.0001,0],[0,0,0,0,0,0.0001]]}