{"Name":"XFEL.RF.A17.L3.M4.C2","tau_m":[0.00041245876101249845,0.0004136222867664881,2.670555424178763E-5,0.00037576049501437356],"K_m":[-6.1998557565259667,4.4722926759512251,-0.80905320644370438,1.762082004018011],"X0":[2.2275148374937434E+7,-2.1669095915412929E+7,644.12480498194611,-608807.13780174253],"fit":92.946251248173169,"sysfit":[0.94840627379241882,0.94918970928463731],"cal_coeff_real":[0.48143582040248417,-0.000895692423107128,0.0010983608712206785,0.4856159428347443],"cal_coeff_imag":[0.86357312526805641,-0.0029974008410147356,0.0021054830259195426,0.86371241305233215],"QL_nom":4.7090494704176765E+6,"Sigma_nom":[[4.1367026802759833E-5,-5.8765301953652947E-6],[-5.8765301953652947E-6,1.881615758979247E-5]],"r_mean_nom":[0.0012354995296808226,-0.0017079425168782414],"MeasNoiseVar":[[0.0001,0],[0,0.0001]],"ProcessVar":[[0.0001,0,0,0,0,0],[0,0.0001,0,0,0,0],[0,0,0.0001,0,0,0],[0,0,0,0.0001,0,0],[0,0,0,0,0.0001,0],[0,0,0,0,0,0.0001]]}