{"Name":"XFEL.RF.A17.L3.M1.C8","tau_m":[0.00038099211513771417,0.00034032350784416024,0.00016910372517342352,0.0002369525513735014],"K_m":[101.55930683878611,-151.12208918734788,-25.470195870587517,75.293720367637036],"X0":[-139454.03059834836,172073.472211986,5035.2113984851158,-40644.724322769864],"fit":82.638230429896169,"sysfit":[0.97873464662122989,0.97370254420480384],"cal_coeff_real":[-0.19562158278258823,0.023873685451018121,-0.0031206973171614316,-0.21123871703004374],"cal_coeff_imag":[0.95683878710769188,0.0072468432846153679,0.015263336511129495,0.96682095645691468],"QL_nom":4.7402997106452528E+6,"Sigma_nom":[[1.7231125217947785E-5,2.1178114053704563E-6],[2.1178114053704563E-6,1.8654330200899831E-5]],"r_mean_nom":[0.000760266073345889,0.0023102766829508226],"MeasNoiseVar":[[0.0001,0],[0,0.0001]],"ProcessVar":[[0.0001,0,0,0,0,0],[0,0.0001,0,0,0,0],[0,0,0.0001,0,0,0],[0,0,0,0.0001,0,0],[0,0,0,0,0.0001,0],[0,0,0,0,0,0.0001]]}