{"Name":"XFEL.RF.A12.L3.M4.C8","tau_m":[0.00036994353083008759,0.00031216833121311844,0.00014373228017346127,0.00017539397743630342],"K_m":[24.752640180626056,-37.923988667830642,-22.398039529327722,35.251055651467787],"X0":[-63271.401632591864,75651.693747354919,11596.624527733695,-26751.920408462141],"fit":97.518826580163434,"sysfit":[0.58355061702367428,0.99285506348167629],"cal_coeff_real":[-0.512104098034905,0.023144723975139805,-0.0027292443453374661,0.95045292750892874],"cal_coeff_imag":[0.81819876211291309,-0.011445522132994825,0.0048462274974217616,0.027850161709364187],"QL_nom":4.4633581725540031E+6,"Sigma_nom":[[2.8600837374778229E-5,2.133153425173317E-6],[2.133153425173317E-6,2.3858978450416956E-5]],"r_mean_nom":[0.003160998578128211,-0.00016386966320923918],"MeasNoiseVar":[[0.0001,0],[0,0.0001]],"ProcessVar":[[0.0001,0,0,0,0,0],[0,0.0001,0,0,0,0],[0,0,0.0001,0,0,0],[0,0,0,0.0001,0,0],[0,0,0,0,0.0001,0],[0,0,0,0,0,0.0001]]}