{"Name":"XFEL.RF.A17.L3.M2.C6","tau_m":[0.00032770527126012875,0.00031200533179375216,0.00015169813433247458,0.00023714599324850747],"K_m":[314.40623302359108,-395.01415663950979,-18.256511210834212,98.586714505424084],"X0":[-502133.298988321,577282.29140002141,5251.6749170764551,-84288.398251014587],"fit":91.3049256036139,"sysfit":[0.99576184775914589,0.56011773042782875],"cal_coeff_real":[-0.25094457485950522,0.015808760058315417,-0.0036079414403046091,-0.25290661132864178],"cal_coeff_imag":[0.90847605626273831,0.011246010971680539,0.012658870616009293,0.91248283684323717],"QL_nom":4.5625509533974407E+6,"Sigma_nom":[[2.2771906637258442E-5,9.9518762311193658E-7],[9.9518762311193658E-7,3.1771070596218139E-5]],"r_mean_nom":[-0.00075703998753276827,0.0036849608245454741],"MeasNoiseVar":[[0.0001,0],[0,0.0001]],"ProcessVar":[[0.0001,0,0,0,0,0],[0,0.0001,0,0,0,0],[0,0,0.0001,0,0,0],[0,0,0,0.0001,0,0],[0,0,0,0,0.0001,0],[0,0,0,0,0,0.0001]]}