{"Name":"XFEL.RF.A17.L3.M2.C1","tau_m":[0.00019801957508500356,0.00020154451709094502,7.5171074108084756E-5,0.0013111324327650946],"K_m":[154.32824245561196,-152.81371838645265,-2.9334997725144665,1.2257520678193168],"X0":[-84132.119245098191,84875.853718557468,881.69786588538693,-3862.8090571179823],"fit":94.5512561918732,"sysfit":[0.97441318251286735,-1.5916502071728416],"cal_coeff_real":[-0.19545322010245031,-0.001994013808116416,-3.988039439416404E-5,-0.18606345003496794],"cal_coeff_imag":[0.95423338758107978,0.0097350893044663676,0.00019470196513665105,0.94693458259909025],"QL_nom":4.6200656328309737E+6,"Sigma_nom":[[1.596148217208215E-5,3.3336111119554573E-7],[3.3336111119554573E-7,1.8595154503134496E-5]],"r_mean_nom":[0.00017976872632394084,0.0019645467912384291],"MeasNoiseVar":[[0.0001,0],[0,0.0001]],"ProcessVar":[[0.0001,0,0,0,0,0],[0,0.0001,0,0,0,0],[0,0,0.0001,0,0,0],[0,0,0,0.0001,0,0],[0,0,0,0,0.0001,0],[0,0,0,0,0,0.0001]]}