{"Name":"XFEL.RF.A17.L3.M4.C6","tau_m":[0.00019604744923244573,0.00021219371531405195,0.00018269643739658652,0.00015756331523776189],"K_m":[36.658247583630704,-60.808427631747286,72.855576381344918,-49.312445698943009],"X0":[8.7339998570288364E+6,-3.28989895253991E+6,-6.3394473202454224E+6,891194.38804061792],"fit":94.969347973553667,"sysfit":[0.98772780133267613,0.78434724213544715]}