{"Name":"XFEL.RF.A17.L3.M4.C7","tau_m":[0.00023086610527519092,0.00024970236006650122,0.00010367132501775699,0.00025065912686221271],"K_m":[7.5847904215974813,12.750186533678372,-2.7176329496176934,-18.191341863119785],"X0":[-3.2474287874927856E+6,6.8266485175449625E+7,16112.103910582022,-6.5039023255941689E+7],"fit":90.719498153853834,"sysfit":[0.98579754984037249,0.72634484434675273],"cal_coeff_real":[0.61827250535959255,0.02088539532561192,0.0076339364186750053,0.62913754736936711],"cal_coeff_imag":[0.69392780412419308,0.013509309466105044,0.0079628183032770632,0.69861870654578506],"QL_nom":4.4724932131069573E+6,"Sigma_nom":[[2.4232431332087822E-5,-2.0894930190300411E-6],[-2.0894930190300411E-6,5.1135594206095363E-5]],"r_mean_nom":[-0.00086376857795005966,0.0050271716439330367],"MeasNoiseVar":[[0.0001,0],[0,0.0001]],"ProcessVar":[[0.0001,0,0,0,0,0],[0,0.0001,0,0,0,0],[0,0,0.0001,0,0,0],[0,0,0,0.0001,0,0],[0,0,0,0,0.0001,0],[0,0,0,0,0,0.0001]]}