{"Name":"XFEL.RF.A17.L3.M2.C1","tau_m":[0.000691141557935505,0.0006919401874193777,2.3311585394680512E-7,0.00067911940232003292],"K_m":[70.659940874302237,-57.333357776457383,-0.64732405535016768,-14.222798295753828],"X0":[4.4105021498990363E+8,-4.14108704402699E+8,-304.14274585272915,-2.6944200073235169E+7],"fit":85.545317110150691,"sysfit":[-4.3617812803244576,-2.2749218690923585],"cal_coeff_real":[-0.1925904251998691,0.017121663089287677,-0.0025841025157113959,-0.20492931858506561],"cal_coeff_imag":[0.94256388296324689,0.011280280564141147,0.012279804202202807,0.94581194021373771],"QL_nom":4.6288571754281763E+6,"Sigma_nom":[[3.255654336077863E-5,-5.7267351591089819E-5],[-5.7267351591089819E-5,0.0017809409459733166]],"r_mean_nom":[-0.0067348083919790318,0.070993124689223572],"MeasNoiseVar":[[0.0001,0],[0,0.0001]],"ProcessVar":[[0.0001,0,0,0,0,0],[0,0.0001,0,0,0,0],[0,0,0.0001,0,0,0],[0,0,0,0.0001,0,0],[0,0,0,0,0.0001,0],[0,0,0,0,0,0.0001]]}