{"Name":"XFEL.RF.A17.L3.M1.C4","tau_m":[0.0622047854153074,0.060594282599659405,7.4792270202983213E-6,0.057450674820875486],"K_m":[-199.7270147470706,163.08293918056103,-0.50855958649555166,-55.887992072507735],"X0":[-1.8038228371705601E+9,2.6567836246445875E+9,406.435261785723,-8.52964375497626E+8],"fit":95.245957065069248,"sysfit":[0.99077872985563076,0.948031145577468],"cal_coeff_real":[0.96931938914788962,0.018891587958386934,0.0076671075613122938,0.96408614757337385],"cal_coeff_imag":[0.037526097753441574,-0.019472450334318731,0.00029741264774413816,0.036922799593312482],"QL_nom":4.641293601112796E+6,"Sigma_nom":[[2.4372968812914014E-5,-1.7325228567607506E-6],[-1.7325228567607506E-6,2.3545304574843007E-5]],"r_mean_nom":[-0.00066745074598683143,-0.00045510469758333307],"MeasNoiseVar":[[0.0001,0],[0,0.0001]],"ProcessVar":[[0.0001,0,0,0,0,0],[0,0.0001,0,0,0,0],[0,0,0.0001,0,0,0],[0,0,0,0.0001,0,0],[0,0,0,0,0.0001,0],[0,0,0,0,0,0.0001]]}