{"Name":"XFEL.RF.A17.L3.M4.C8","tau_m":[0.00040334083005021554,0.00036102838832188468,9.9330170365004221E-5,0.00024226541334982285],"K_m":[85.467256758353656,-111.01102830290445,-4.0494116716094588,29.798427159437757],"X0":[-150982.051042074,181063.14781921721,2483.7833576204439,-35633.681911271036],"fit":94.281445591043308,"sysfit":[0.90476772911430248,0.91259474815171671],"cal_coeff_real":[0.47242711212748151,0.01808870829113534,0.0006867968138447772,0.4681645490946551],"cal_coeff_imag":[0.86107934901481,0.013728417920075659,0.0011100782554799671,0.84571001328173034],"QL_nom":4.62686525077191E+6,"Sigma_nom":[[2.747651347564099E-5,-2.9574744912519025E-6],[-2.9574744912519025E-6,2.2227943877214885E-5]],"r_mean_nom":[0.0019792070073992342,-0.0024750713011120981],"MeasNoiseVar":[[0.0001,0],[0,0.0001]],"ProcessVar":[[0.0001,0,0,0,0,0],[0,0.0001,0,0,0,0],[0,0,0.0001,0,0,0],[0,0,0,0.0001,0,0],[0,0,0,0,0.0001,0],[0,0,0,0,0,0.0001]]}